osm_id,place_type,name_default,name_ar,name_en,name_fr,lat,lon
258400274,hamlet,القاطع,القاطع,,,33.6244623,35.5182677
258516078,city,طرابلس,طرابلس,Tripoli,Tripoli,34.4373616,35.8348551
258842202,city,جونيه,جونيه,Jounieh,Jounieh,33.9741506,35.6200633
259206936,suburb,الدورة,الدورة,Al Daoura,Daoura,33.8928157,35.5507034
260193034,locality,الكولا,الكولا,Cola,Cola,33.87592,35.4957707
260193094,neighbourhood,مار إلياس,مار إلياس,Mar Elias,Mar Elias,33.8756986,35.4904861
260286476,town,جديدة المتن,جديدة المتن,Jdeideh,Jdaidet El Matn,33.8921658,35.5703807
264331553,neighbourhood,البربير,البربير,Barbir,Barbir,33.877068,35.5060499
268119791,locality,الخلّة,الخلّة,,,33.6307009,35.5123536
268981980,village,سبلين,سبلين,Sibline,Sibline,33.6239528,35.4353611
268989140,hamlet,الضيعة,الضيعة,,,33.6290803,35.5121526
278473401,hamlet,جرديح,جرديح,Jurdeih,Jourdeih,33.1002392,35.216927
278562448,village,كفر حزير,كفر حزير,Kfar Hazir,Kfar Hazir,34.3121354,35.7732333
278982494,village,حدث الجبة,حدث الجبة,Hadath El Jebbeh,Hadath El Jebbeh,34.2471828,35.9305505
279433753,village,كفر صارون الكورة,كفر صارون الكورة,Kfar Saroun,Kfar Saroun,34.2961507,35.8295083
279849563,village,رشدبين,رشدبين,Rechdibbine,Rechdibbine,34.2916095,35.8618348
280026228,village,كفر حاتا - الكورة,كفر حاتا - الكورة,Kfar Hata Koura,Kfar Hata Koura,34.2833514,35.7486284
280026275,village,بتعبورة,بتعبورة,Btaaboura,Btaaboura,34.274401,35.7635547
280027368,village,بدنايل - الكورة,بدنايل - الكورة,Bednayel Koura,Bednayel Koura,34.290475,35.7339728
280027499,village,كفريا - الكورة,كفريا - الكورة,Kefraiya Koura,Kefraiya Koura,34.2948983,35.723039
288509191,locality,رأس الناقورة,رأس الناقورة,Ra's An Naqura,Ras el Naquoura,33.0944176,35.1038666
289346590,city,بيروت,بيروت,Beirut,Beyrouth,33.8959203,35.47843
289417546,village,أدما و الدفنه,أدما و الدفنه,Adma,Adma,34.0266183,35.6540175
289658536,village,بيت الشعار,بيت الشعار,Bait Ash Shaar,Bayt Ech Chaar,33.9276415,35.6232986
290253814,village,رميلة,رميلة,Rmeileh,Rmeileh,33.6107271,35.4023161
291393757,neighbourhood,مصيطبة,مصيطبة,Msaitbeh,Moussaitbé,33.8862481,35.4969535
291396507,neighbourhood,صنائع,صنائع,Sanayeh,Sanayeh,33.8919025,35.4898952
291397086,neighbourhood,عائشة بكار,عائشة بكار,Aicha Bakkar,Aicha Bakkar,33.8899302,35.4876007
291405451,suburb,ميناء الحصن,ميناء الحصن,Mina al-Husn,Minet El Hosn,33.899703,35.4977044
291406193,suburb,صيفي,صيفي,Saifi,Saifi,33.8929743,35.5084655
291406964,neighbourhood,جميزة,جميزة,Gemmayzeh,Gemmayzé,33.8969521,35.5096877
291429004,neighbourhood,بدارو,بدارو,Badaro,Badaro,33.8757985,35.5160464
291443088,hamlet,ضهر الجمل,ضهر الجمل,Dahr Ej Jammal,Dahr Ej Jammal,33.8837442,35.5339981
291444016,hamlet,جسر الواطي,جسر الواطي,Jisr al Wati,Jisr al Wati,33.8798436,35.5327775
291444126,hamlet,عمّاطور,عمّاطور,Amatouri,Aammatour,33.8753419,35.5335046
292198288,village,بكفيا,بكفيا,Bikfaya,Bikfaya,33.9221677,35.684352
292201869,village,شننعير,شننعير,Chnanir,Chnanir,34.0063305,35.6668237
292625086,village,ديك المحدي,ديك المحدي,Dik El Mehdi,Dik El Mehdi,33.9327557,35.6200816
292736556,village,دوار,دوار,Duwar,Douar,33.9069005,35.6970236
292903332,village,بيت الككو,بيت الككو,Beit El Kekko,Beit el Kekko,33.9244233,35.6380202
294759025,locality,ساحة المتحف,ساحة المتحف,Museum Square,Place du Musée,33.8789712,35.5149794
295103874,locality,ضهر الهواء,ضهر الهواء,Dahr el Haoua,Dahr el Haoua,34.0018624,35.6690284
359185646,locality,ساحة المقاومة و التحرير,ساحة المقاومة و التحرير,Resistance and Liberation Square,Place de la Résistance et de la Libération,33.8755964,35.4952401
365936506,village,فاريا,فاريا,Faraya,Faraya,34.0128135,35.8204948
382345519,town,برج البراجنة,برج البراجنة,Burj El Brajneh,Bourj El Barajneh,33.8410614,35.4990347
382978975,village,نيحا,نيحا,Niha,Niha,33.5963175,35.6263982
382986443,village,دلغاني,دلغاني,Delghani,Delghani,33.5988558,35.6109609
382986444,village,كفر تعلا,كفر تعلا,Kfar Taala,Kfar Taala,33.5712448,35.595552
382986445,village,عاريه,عاريه,Aariye,Aariye,33.5678518,35.5999168
383029586,village,عين قني,عين قني,Ain Qani,Ain Qani,33.6510417,35.6140793
383252982,village,الهلالية,الهلالية,Hlaliyeh Saida,Hilaliyeh Saida,33.5656718,35.3925806
383510682,village,عثرين,عثرين,Aathrine,Aathrine,33.6646324,35.568255
383510688,village,شواليق - دير القمر,شواليق - دير القمر,Choualiq Deir el Qamar,Choualiq Deir el Qamar,33.6922005,35.5477253
383548727,village,سهل الجية,سهل الجية,Sahl Ej Jiyeh,Sahl Ej Jiyeh,33.6814945,35.4223568
383548729,village,مقصبة,مقصبة,Maqsabeh,Maqsabeh,33.6882528,35.422598
386122952,locality,ساحة باب إدريس,ساحة باب إدريس,Bab Idriss Square,Place Bab Idriss,33.8985185,35.50263
386776547,hamlet,جلال عيرم,جلال عيرم,Jlall Aairam,Jlall Aairam,33.5532562,35.3670406
387261948,hamlet,المنطقة المستحدثة,المنطقة المستحدثة,New Sector,Nouveau Secteur,33.9052059,35.5053319
387269249,locality,دوار الصالومي,دوار الصالومي,Saloumi Square,Rond-Point Saloumi,33.8811034,35.5399732
388973442,locality,ساحة الوردية,ساحة الوردية,El Wardieh Place,Place El Ouardieh,33.8963819,35.4879037
389001790,locality,ساحة قداسة البابا,ساحة قداسة البابا,Place de Sa Sainteté Le Pape,Place de Sa Sainteté Le Pape,33.901812,35.5032362
428339508,city,بعلبك,بعلبك,Baalbek,Baalbek,34.009653,36.2117096
529861003,village,السلطانية,السلطانية,As Sultaniyah,Soultaniyeh,33.2055219,35.407732
529861013,village,مزرعة بيوت السياد,مزرعة بيوت السياد,Mazraat Buyut as Sayad,Mazraat Biout es Siyad,33.1676911,35.1940949
529861030,village,رمادية,رمادية,Rmadiyeh,Rmadiyeh,33.1988881,35.2766693
529861050,village,شارنية,شارنية,Charnip,Charnip,33.266143,35.2482946
529861079,village,وادي جيلو,وادي جيلو,Wadi Jilo,Ouadi Jilo,33.2436337,35.3044637
529910717,village,رب الثلاثين,رب الثلاثين,Rabb Et Talatine,Rab El Thalathine,33.2489966,35.5189761
529910721,village,محيبيب,محيبيب,Mhaibib,Mhaibib,33.1540427,35.5048596
529910723,village,بيت ياحون,بيت ياحون,Beit Yahoun,Beit Yahoun,33.1592022,35.4267386
529910730,village,شقرا,شقرا,Chaqra,Chaqra,33.1924455,35.4629222
529910747,village,بني حيان,بني حيان,Bani Haiyane,Bani Haiyane,33.2438787,35.4911488
529953284,village,ظهيرة,ظهيرة,Dhayra,Dhayra,33.1011399,35.2270769
529953286,hamlet,بطيشية,بطيشية,Al Butayshiyya,Btaychiyeh,33.1055687,35.209298
529953295,village,رامية,رامية,Ramiya,Ramiyeh,33.1111363,35.309988
530635860,village,حانين,حانين,Hanine,Hanine,33.1090042,35.3820811
530635864,village,أمية,أمية,Oumaya,Oumaya,33.1185827,35.372317
530649944,village,قطمون,قطمون,Qatmoun,Qatmoun,33.0660062,35.3604854
530649948,village,جباب العرب,جباب العرب,Jbab El Aarab,Jbab El Aarab,33.0684644,35.3720148
530655761,village,نبي يوشع,نبي يوشع,Nabi Youcheaa,Nabi Youcheaa,33.1307165,35.4991366
537974056,locality,ساحة مار نقولا,ساحة مار نقولا,Saint Nicolas Square,Place Saint Nicolas,33.8917696,35.5162469
564334778,village,أبو شاش,أبو شاش,Abi Shash,Abou Chach,33.1282772,35.2114899
564336962,locality,المبشرات,المبشرات,El Mbachrat,El Mbachrat,33.1348159,35.383704
564338215,village,الحارة,الحارة,Al Hara,El Hara,33.1972906,35.4109158
564342448,locality,تلة النمرة,تلة النمرة,Thallet en Nimre,Thallet en Nimre,33.3527778,35.3833333
564343271,neighbourhood,النبطية التحتا,نبطية التحتى,Nabatieh et Tahta,Nabatieh et Tahta,33.3775564,35.4833734
564348588,suburb,النواويس,النواويس,En Naouaouis,En Naouaouis,33.5188889,35.3913889
564351992,village,السعديات,السعديات,Es Saadiyat,Es Saadiyat,33.695,35.4261111
564352631,locality,خناديق ضرتة,خناديق ضرتة,Khnadiq Darte,Khnadiq Darte,33.7269444,35.4941667
564356654,locality,خلال الغنم,خلال الغنم,Khlal el Ghanam,Khlal el Ghanam,33.5363889,35.5722222
564356936,village,صباح,صباح,Sabbah,Sabbah,33.5680556,35.5652778
564357124,locality,خلة الجحشة,خلة الجحشة,Khallat Al Jahsha,Khallet ej Jahche,33.5041667,35.6311111
564359709,village,حارة الكواسبة,حارة الكواسبة,Harat Al Kawasba,Haret El Kaouasbé,33.4983333,35.8447222
564360056,village,مزرعة المطحنة,مزرعة المطحنة,Mazraat El Mathane,Mazraat El Mathane,33.5787068,35.5192844
564360072,village,الخربة,الخربة,El Kherbe,El Kherbe,33.5819444,35.5263889
564360133,village,بسري,بسري,Bisri,Bisri,33.5783333,35.5402778
564360422,village,الغباطية,,El Ghabbatiye,El Ghabbatiye,33.5777778,35.5844444
564360466,village,جل ناشي,جل ناشي,Jall Nachi,Jall Nachi,33.5780556,35.5741667
564360751,locality,خندق الوسطى,خندق الوسطى,Khandaq el Ouasta,Khandaq el Ouasta,33.6319444,35.5308333
564360785,locality,خلة المغارة,خلة المغارة,Khallet el Maghara,Khallet el Maghara,33.65,35.5172222
564361618,locality,خلة الكبيرة,خلة الكبيرة,Khallat al Kabirah,Khallet el Kbire,33.6786111,35.5413889
564361695,locality,ساقية الحواقير,ساقية الحواقير,Saqiet el Haouakir,Saqiet el Haouakir,33.7044444,35.5338889
564361764,locality,باب المرم,باب المرم,Bab el Marma,Bab el Marma,33.6719444,35.5880556
564362495,locality,خلة درجة المصري,خلة درجة المصري,Khallat Darajat al Misri,Khallet Darajet el Mousri,33.6766667,35.6094444
564364168,locality,وادي شرف الدين,وادي شرف الدين,Ouadi Charaf ed Dine,Ouadi Charaf ed Dine,33.7255556,35.7608333
564365319,village,سلطان يعقوب,سلطان يعقوب,Soultane Yaaqoub,Soultane Yaaqoub,33.6442578,35.8594374
564366026,neighbourhood,الحمرا,الحمرا,El Hamra,Hamra,33.8954753,35.4820202
564367543,village,زعيترية,زعيترية,Zaaitriye,Ez Zaaïtriyé,33.8807028,35.5611737
564367612,hamlet,حي الروم,حي الروم,Hai er Roum,Hai er Roum,33.9051102,35.5888394
564368216,village,العزونية,العزونية,El Aazzouniye,El Aazzouniye,33.7740026,35.7065778
564372587,village,المسلوخ,المسلوخ,El Masloukh,El Masloukh,34.2056263,35.6444945
564375776,locality,جورة الخوري,جورة الخوري,Jouret el Khouri,Jouret el Khouri,34.3177778,35.8033333
564376326,village,جديدة برقشا,جديدة برقشا,Jdaidet Barqacha,Jdaidet Barqacha,34.3908333,35.8441667
564376469,hamlet,الزعرورة,الزعرورة,Al Zaaroura,Ez Zaaroura,33.8125,35.8708333
564377041,village,قوسايا,قوسايا,Qoussaya,Qoussaya,33.8120161,36.0247492
564377442,city,زحلة,زحلة,Zahle,Zahlé,33.8477069,35.9024955
564377646,village,قاع الريم,قاع الريم,Qaa Er Rim,Qaa Er Rim,33.883322,35.8748106
564378626,village,تمنين التحتى,تمنين التحتى,Temnine El Tehta,Temnine El Tehta,33.8834355,35.991597
564387085,locality,وادي الهارب,وادي الهارب,Ouadi el Hareb,Ouadi el Hareb,34.0975,36.0761111
564392774,locality,وادي عيسى,وادي عيسى,Ouadi Aaissa,Ouadi Aaissa,34.2319444,35.9405556
564398670,locality,وادي عيون مجدلية,وادي عيون مجدلية,Ouadi Aayoun Majdlaya,Ouadi Aayoun Majdlaya,34.4164165,35.8659238
564419535,village,رجم عيسى,رجم عيسى,Rajem Issa,Rajem Issa,34.6197222,36.3838889
564420053,village,بني صخر,بني صخر,Bani Sakher,Bani Sakher,34.6635781,36.3094999
564420175,locality,وادي الميس,وادي الميس,Wadi El Mais,Ouadi El Mais,34.6508333,36.355
564420229,locality,الجمرك,الجمرك,Ej Joumrok,Ej Joumrok,34.6636971,36.3458843
567050281,locality,وادي الدير,وادي الدير,Wadi ad Dayr,Wadi ad Dayr,33.8333333,36.2
567050577,locality,وادي النبي تولا,وادي النبي تولا,Wadi an Nabi Tula,Wadi an Nabi Tula,33.8333333,36.1
567050582,locality,وادي سرغايا,وادي سرغايا,Wadi Sirghaya,Wadi Sirghaya,33.85,36.1333333
567050732,locality,وادي يحفوفة,وادي يحفوفة,Wadi Yahfufah,Wadi Yahfufah,33.8555556,36.0163889
567097575,locality,قصر شبيب,قصر شبيب,Qasr Shbib,Qasr Shbib,33.4166667,35.85
572549730,locality,نهر الصفاء,نهر الصفاء,Nahr as Safa',Nahr as Safa',34.6842839,36.3503608
572550039,village,معربو,معربو,Maarubu,Maarubu,34.6332841,36.1166428
572550487,locality,وادي المزراب,وادي المزراب,Wadi al Mizrab,Wadi al Mizrab,34.6337492,36.4006398
572550841,village,تل الشحم,تل الشحم,Tall ash Shahm,Tall ash Shahm,34.6333333,36.1333333
572550903,locality,وادي العووية,وادي العووية,Wadi al `Awawiyah,Wadi al `Awawiyah,34.6327931,36.3998775
573518052,locality,خلة بيت القسيس,خلة بيت القسيس,Khallat Bayt al Qissis,Khallat Bayt al Qissis,33.65,35.9333333
573518508,locality,مراح المصايات,مراح المصايات,Marah al Massayat,Marah al Massayat,33.7,35.9666667
573519026,locality,وادي الدبور,وادي الدبور,Wadi ad Dabbur,Wadi ad Dabbur,33.6333333,35.9666667
573519452,village,المصنع,المصنع,Al Masnaa,Al Masnaa,33.7047284,35.9182952
573532445,locality,الوشوشة,الوشوشة,Al Washwashah,Al Washwashah,34.5662409,36.3990813
573532449,locality,وادي الشقيف,وادي الشقيف,Wadi ash Shaqif,Wadi ash Shaqif,34.5333333,36.3333333
573532500,village,صفاء الصفوة,صفاء الصفوة,Safa' as Safwah,Safa' as Safwah,34.4999514,36.3999893
573532536,village,بيت حيرة,بيت حيرة,Bayt Hayrah,Bayt Hayrah,34.4333333,36.4666667
573532817,locality,وادي حميرة,وادي حميرة,Wadi Humayrah,Wadi Humayrah,34.5157528,36.3333487
573532899,village,المجوية,المجوية,Al Majwiyah,Al Majwiyah,34.4981078,36.3663126
612463786,locality,خندق الوحش,خندق الوحش,,,33.6149924,35.533573
615473456,village,مزرعة البرغوتية,مزرعة البرغوتية,Mazraat El Barghoutiyeh,Mazraat El Barghoutiyeh,33.5900576,35.4224453
803018184,city,صور,صور,Tyre,Tyr,33.2721211,35.1964023
1102281755,city,النبطية,النبطية,Nabatieh,Nabatieh,33.3812029,35.4825346
1108355223,village,تعيد,تعيد,Taaid,Taaid,33.5739644,35.5449396
1830001713,town,كفرعبيدا,كفرعبيدا,Kfaraabida,Kfaraabida,34.2280176,35.6628077
1889908376,town,عرسال ساحة,عرسال ساحة,Arsal,Aarsal,34.1802927,36.4187723
2337736413,town,بشري,بشري,Bsharri,Bcharré,34.2507231,36.0099915
2393710317,neighbourhood,فيردان,فيردان,Verdun,Verdun,33.8857678,35.4826958
2707866489,hamlet,حي المشاع,حي المشاع,Mashaa,Haï El Mchâa,33.3877176,35.4782035
2707868905,hamlet,حي المسيحيين,حي المسيحيين,Christians Neighbourhood,,33.3783069,35.4883452
2707897372,hamlet,بئر القنديل,بئر القنديل,Bir el Qandeel,Bir el Qandeel,33.3760784,35.4808112
2707899268,village,النبطيه الفوقا,النبطيه الفوقا,Nabatieh El Fawqa,Nabatieh El Fawqa,33.3618797,35.4986586
2707916722,hamlet,حي السرايا,حي السرايا,Assaraya,Assaraya,33.3760144,35.4834559
2910621559,village,بدادون,بدادون,Bdedoun,Bdedoun,33.8092487,35.5691624
3029425092,village,بسابا,بسابا,Bisaba,Bessaba,33.8032466,35.5421285
3052025833,locality,بناية الأرز,بناية الأرز,Arz Building,,33.8062063,35.5513546
3100741076,village,قرية السلام,قرية السلام,Al Salam Village,Al Salam Village,33.8567921,35.7450788
3125519936,locality,Khalil Morcos,,Khalil Morcos,Khalil Morcos,33.859308,35.755343
3182630897,locality,شلالات جزين,,,,33.5453539,35.583377
3454215679,locality,بيكنيك شويت,بيكنيك شويت,picnic chouwit,,33.8291755,35.6657935
3484010915,village,الزعرور,الزعرور,Zaarour,Zaarour,33.9225026,35.8024835
3724395707,locality,Dill,,Dill,,34.3878015,36.0843942
3984625940,village,البقيعة,البقيعة,Bqaiaa,El Bqaïaa,34.6634589,36.3379778
3986081397,village,جبل المنصورة,جبل المنصورة,Jabal El Mansoura,Jabal El Mansoura,34.6322144,36.3194332
3986113431,village,خط البترول,خط البترول,Khat El Petrol,Khat El Petrol,34.684882,36.3456975
4031701052,locality,ساحة الشراع,ساحة الشراع,,,34.4273361,35.8450119
4032356702,locality,طهماز,طهماز,,,33.8472898,35.5216672
4048565694,village,الفرض,الفرض,Al Farid,Al Farid,34.6281133,36.3757083
4048569985,town,وادي خالد,وادي خالد,Wadi Khalid,Ouâdi Khâled,34.6233407,36.3875751
4048868208,locality,البعل,البعل,,,34.6423838,36.3321951
4058536782,village,الساعد,الساعد,Al Saed,Al Saed,34.6256753,36.3920204
4426215999,village,بقاع كفرا,بقاع كفرا,Bekaa Kafra,Bekaa Kafra,34.2376203,36.0055649
4440387391,locality,تل التين,تل التين,,,34.6537029,36.3343595
4460876529,village,برعشيت,برعشيت,Barashit,Baraachit,33.175473,35.441914
4481746591,village,ممنع,ممنع,Memneh,Memneh,34.5001843,36.1756022
4481746592,village,عيون ارغش,عيون ارغش,Aayoun Orghoush,Aayoun Orghoch,34.2611945,36.1290789
4485745043,village,عين السنديانة,عين السنديانة,Ain Al Sindyana,Ain el Sendianeh,33.9018903,35.7303845
4519119272,town,حلبا,حلبا,Halba,Halba,34.545022,36.077948
4521198798,village,قصوبة,قصوبة,Qsouba,Qsouba,33.6767821,35.4246002
4531961971,village,حاريص,حاريص,Haris,Haris,33.1803063,35.3770352
4591429910,locality,كلمنصو,كلمنصو,Clémenceau,Clémenceau,33.8980556,35.4889101
4593302893,locality,شادي ديب داغر,شادي ديب داغر,,,34.1444802,35.685313
4642592619,village,ترشيش,ترشيش,Tarchich,Tarchich,33.8767935,35.802834
4703976395,town,الضبية,الضبية,Dbayeh,Dbayeh,33.9420159,35.5937934
4703987182,town,أنطلياس,أنطلياس,Antelias,Antelias,33.9123639,35.5936231
4704006960,town,الكسليك,الكسليك,Kaslik,Kaslik,33.9840398,35.6191594
4741531119,neighbourhood,عين المريسة,عين المريسة,Ayn El Mrayseh,Aïn el-Mraïsse,33.900453,35.4894029
4741539325,neighbourhood,الجامعة الأمريكية,الجامعة الأمريكية,American University,Université Americaine,33.9004926,35.4819045
4741559339,neighbourhood,رأس بيروت,رأس بيروت,Ras Beirut,Ras Beirut,33.8995086,35.4743867
4741625821,neighbourhood,القنطاري,القنطاري,Qantari,Kantari,33.897565,35.4933355
4741667216,neighbourhood,باب إدريس,باب إدريس,Bab Idriss,Bab Idriss,33.8985719,35.5013669
4741764658,suburb,الاشرفية,الاشرفية,Achrafieh,Achrafieh,33.8862143,35.5193562
4745747494,village,نهر ابراهيم,نهر ابراهيم,Nahr Ibrahim,Nahr Ibrahim,34.0651348,35.6492436
4746500743,village,ساحل علما,ساحل علما,Sahel Alma,Sahel Alma,33.9941111,35.6562772
4746514609,village,فتقا,فتقا,Fatqa,Fatqa,34.0345492,35.6632748
4746546642,town,البترون,البترون,Batroun,Batroûn,34.2548879,35.6588567
4746570478,town,جبيل,جبيل,Byblos,Byblos,34.1236954,35.6493557
4747728043,town,حالات,حالات,Halat,Halat,34.0842051,35.6584659
4748423550,town,غزير,غزير,Ghazir,Ghazir,34.0161562,35.6609117
4748426725,village,كفور,كفور,El Kfour,El Kfour,34.0348765,35.6928451
4748437429,village,دلبتا,دلبتا,Dlebta,Dlebta,34.0097809,35.692724
4748440708,village,كفرياسين,كفرياسين,Kfar Yassine,Kfar Yassine,34.0249832,35.6361186
4748442301,village,معاد,معاد,Maad,Maad,34.1937006,35.6807399
4752379521,town,بعبدا,بعبدا,Baabda,Baabda,33.8335501,35.5445655
4753052124,town,الهرمل,الهرمل,Hermel,Hermel,34.3973279,36.3889577
4759264472,neighbourhood,البسطة التحتا,البسطة التحتا,Basta Tahta,Basta Tahta,33.8875573,35.5039558
4759500422,suburb,الباشورة,الباشورة,Bashura,Bachoura,33.8919883,35.5036988
4759500423,neighbourhood,اليسوعية,اليسوعية,Yesouiyeh,Yesouiyeh,33.8900303,35.5089782
4759539844,neighbourhood,فرن الحايك,فرن الحايك,Furn El Hayek,Furn El Hayek,33.8902887,35.5138749
4759539845,neighbourhood,الناصرة,الناصرة,Nasrah,Nasrah,33.8842222,35.5121718
4759539846,neighbourhood,مار متر,مار متر,Mar Mitr,Saint Mitre,33.8891563,35.5219725
4759539847,neighbourhood,العدلية,العدلية,Palais de Justice,Palais de Justice,33.8777553,35.5186707
4759539849,neighbourhood,المجيدية,المجيدية,Majidiyeh,Majidiyé,33.8995497,35.5048213
4759539850,suburb,المرفأ,المرفأ,Port,Port,33.8986369,35.5140912
4759539851,neighbourhood,برج أبي حيدر,برج أبي حيدر,Burj Abi Haidar,Burj Abi Haidar,33.8829478,35.4997208
4759539852,neighbourhood,البسطة الفوقا,البسطة الفوقا,Basta Faouka,Basta Faouka,33.884476,35.5034661
4759539853,neighbourhood,رأس النبع,رأس النبع,Ras El Nabaa,Ras El Nabaa,33.8819107,35.509187
4759558780,neighbourhood,المزرعة,المزرعة,Al Mazraa,Al Mazraa,33.8798731,35.5019618
4762297031,hamlet,القبيات,القبيات,Qobaiyat,Qobaiyat,33.8948019,35.5342344
4762297032,neighbourhood,مستشفى الروم,مستشفى الروم,Orthodox Hospital,Hôpital Orthodoxe,33.8934199,35.5258887
4762297033,neighbourhood,الجعيتاوي,الجعيتاوي,El Jeitaoui,El Jeitaoui,33.8943745,35.5297149
4762297034,neighbourhood,الحكمة,الحكمة,Al Hikmat,Al Hikmat,33.8933187,35.5213297
4762306870,neighbourhood,مار نيكولا,مار نيكولا,Mar Nicolas,Mar Nicolas,33.8936706,35.5148753
4763819281,neighbourhood,المنارة,المنارة,Manara,Manara,33.8939371,35.4717101
4763827110,neighbourhood,قريطم,قريطم,Qoreitem,Qoreitem,33.8909575,35.4776276
4763834171,neighbourhood,الروشة,الروشة,Raoucheh,Raoucheh,33.8874081,35.4742493
4763845079,neighbourhood,الصنوبرة,الصنوبرة,Snoubra,Snoubra,33.8914247,35.4830912
4763850220,neighbourhood,جنبلاط,جنبلاط,Janbulat,Jnublat,33.8971047,35.4900938
4766347065,neighbourhood,البارك,البارك,Park,Park,33.874804,35.5115174
4766355332,neighbourhood,العاملية,العاملية,Al Eamiliyeh,Al Eamiliyeh,33.8813554,35.5063055
4766355334,neighbourhood,الملعب البلدي,الملعب البلدي,Malaab,Malaab,33.8754419,35.5001113
4771265938,town,ذوق مكايل,ذوق مكايل,Zouk Mikael,Zouk Mikael,33.9701266,35.6213958
4784854425,locality,كورنيش المزرعه,كورنيش المزرعه,,,33.8816591,35.4864369
4795498216,village,دير القمر,دير القمر,Deir Al Qamar,Deir El Qamar,33.6979691,35.5647431
4796320373,village,بيت الدين‎,بيت الدين‎,Beit Ed Dine,Beiteddine,33.6941838,35.5812014
4796643205,village,حارة صخر,حارة صخر,Haret Sakhr,Haret Sakhr,33.9889697,35.6427974
4796645965,village,وطى سلام,وطى سلام,Wata Sillam,Wata Sillam,34.0215645,35.6285161
4799206602,city,صيدا,صيدا,Sidon,Sidon,33.564733,35.374978
4801274807,neighbourhood,وادي أبو جميل,وادي أبو جميل,Wadi Abu Jamil,Ouadi Abou Jmil,33.8974181,35.4992484
4802479429,village,عابا,عابا,Aaba,Aaba,34.3487512,35.8342619
4802502307,village,عبا,عبا,Aabba,Aabba,33.3617043,35.402686
4802509982,town,عمشيت,عمشيت,Aamchit,Aamchit,34.1421297,35.6465525
4807324654,neighbourhood,الظريف,الظريف,Al Zarif,Al Zarif,33.8931601,35.4946019
4807360293,neighbourhood,مونو,مونو,Monot,Monot,33.8889632,35.5078362
4807360294,neighbourhood,سليم سلام,سليم سلام,Salim Slam,Salim Slam,33.8853828,35.4975365
4807360295,neighbourhood,حي اللجا,حي اللجا,Al-Lija,Al-Lija,33.8871107,35.4949831
4807360298,suburb,زقاق البلاط,زقاق البلاط,Zqaq Al Blat,Zokak El Blat,33.8929353,35.4984378
4807360299,neighbourhood,البطركية,البطركية,Patriarcat,Patriarcat,33.8907283,35.4982874
4807360300,neighbourhood,تلة الدروز,تلة الدروز,Tel Druze,Tel Druze,33.8915282,35.4860567
4807377634,neighbourhood,السيوفي,السيوفي,Syoufi,Sioufi,33.8854681,35.5267252
4807377635,neighbourhood,كرم الزيتون,كرم الزيتون,Karm El Zeitoun,Karm El Zeitoun,33.8915711,35.5304748
4807377638,neighbourhood,بيضون,بيضون,,,33.8884744,35.510951
4807433983,neighbourhood,البدوي,البدوي,,,33.8951379,35.5344981
4807433984,neighbourhood,الكرنتينا,الكرنتينا,Karantina,Karantina,33.8998399,35.5321807
4807433985,neighbourhood,حي الخضر,حي الخضر,Khodr,Khodr,33.9028919,35.529514
4807433987,suburb,الأشرفية,الأشرفية,Achrafieh,Achrafieh,33.8904237,35.5255238
4807494932,neighbourhood,اليونسكو,اليونسكو,Unesco,Unesco,33.8788957,35.4817629
4807494934,neighbourhood,طريق الجديدة,طريق الجديدة,Tariq El Jdideh,Tariq El Jdideh,33.8732567,35.5056692
4812430106,town,حبوش,حبوش,Habboush,Habbouch,33.409165,35.4812705
4812442678,village,عين إبل,عين إبل,Ain Ebel,Ain Ebel,33.1093022,35.4031087
4840035371,town,جزين,جزين,Jezzine,Jezzine,33.5439343,35.5843949
4842457458,village,افقا,افقا,Afqa,Afqa,34.0680145,35.8904085
4842473467,village,لاسا,لاسا,Lassa,Lassa,34.0684184,35.853678
4866174102,village,غينة,غينة,Ghineh,Ghineh,34.0402929,35.708397
4866220764,village,المشاتي,المشاتي,Mchati,Mchati,34.0499451,35.762657
4866287956,village,غابات,غابات,Ghabat,Ghabate,34.0794669,35.8659892
4866800802,town,فيطرون,فيطرون,Faytroun,Faytroun,33.9907186,35.7313178
4866980833,town,ذوق مصبح,ذوق مصبح,Zouk Mosbeh,Zouk Mosbeh,33.9558528,35.6151627
4867750160,village,البريج,البريج,Braij,Braij,34.1198192,35.7044411
4867752957,village,رأس أسطا,رأس أسطا,Ras Usta,Ras Osta,34.116932,35.7136596
4870384192,village,غدراس,غدراس,Ghedrass,Ghedrass,34.0448066,35.6793737
4870400072,village,عذره,عذره,Azra,Azra,34.0625989,35.7054816
4875535216,village,بزمار,بزمار,Bzoummar,Bzoummar,33.9866334,35.6804229
4875539446,village,عشقوت,عشقوت,Ashqout,Achkout,33.991357,35.7059211
4875660587,village,نمورة,نمورة,Namoura,Namoura,34.0516283,35.6735944
4875672532,village,زعيتره,زعيتره,Zaaitre,Zaaitre,34.0700536,35.6955135
4875776597,village,طبرجا,طبرجا,Tabarja,Tabarja,34.0302604,35.632546
4877405751,village,جورة ترمس,جورة ترمس,Jouret El Tormos,Jouret El Tormos,34.0452546,35.7164346
4880273289,village,يحشوش,يحشوش,Yahchouch,Yahchouch,34.0683703,35.7380582
4880286861,village,حياطة,حياطة,Hiyata,Hiyata,34.0257258,35.7201468
4880286862,village,شحتول,شحتول,Chahtoul,Chahtoul,34.0339365,35.7218142
4880300142,village,قرطبا,قرطبا,Qartaba,Qartaba,34.0943096,35.8473775
4880389174,village,بسكنتا,بسكنتا,Baskinta,Baskinta,33.9450012,35.7880099
4893558237,town,دكوانة,دكوانة,Dekwaneh,Dekouané,33.880408,35.546644
4893562219,town,سنّ الفيل,سنّ الفيل,Sinn El Fil,Sinn El Fil,33.8778546,35.5376847
4893695724,town,برج حموﺪ,برج حموﺪ,Burj Hammoud,Bourj Hammoud,33.8888717,35.5390068
4893724245,town,النقاش,النقاش,Naqqach,Naqqach,33.9228218,35.5970889
4895896766,village,جبعا,جبعا,Jabaa,Jabaa,34.0049263,36.0443575
4896839306,village,ميروبا,ميروبا,Mayrouba,Mayrouba,34.0190457,35.7745304
4901671346,village,زلقا,زلقا,Zalqa,Zalqa,33.8973194,35.5776078
4901671987,village,حزن,حزن,Hizzine,Hizzine,33.9703243,36.0938215
4901682805,village,طيبة,طيبة,Tayyiba,Taybeh,33.9578755,36.1662519
4902721154,village,معراب,معراب,Maarab,Maarab,33.9986481,35.677901
4902734909,village,عرمون,عرمون,Aramoun,Aramoun,34.0188715,35.69963
4909365363,village,قهمز,قهمز,Qehmez,Qahmez,34.0560024,35.8125263
4935828785,neighbourhood,مار مخايل,مار مخايل,Mar Mikhael,Mar Mikhael,33.8968646,35.5251623
4947219586,town,بلونة,بلونة,Ballouneh,Ballouneh,33.9536929,35.676679
4947251519,village,ريفون,ريفون,Rayfoun,Rayfoun,33.9786519,35.7047563
5001893901,village,غرزوز,غرزوز,Gharzouz,Gharzouz,34.1841548,35.6728276
5001897049,village,شموت,شموت,Chmout,Chmout,34.1978129,35.6705835
5001904130,village,البربارة,البربارة,Berbara,Berbara,34.1952757,35.6386175
5001907002,village,بجه,بجه,Bejjeh,Bejjeh,34.1796558,35.7165977
5001911950,village,حقل,حقل,Haqel,Haqel,34.1706491,35.7505377
5001918363,village,منصف,منصف,Monsef,Monsef,34.1820862,35.6444467
5001921530,village,لحفد,لحفد,Lehfed,Lehfed,34.1670943,35.7798841
5001945326,village,اهمج,اهمج,Ehmej,Ehmej,34.1223141,35.7855526
5001954003,village,زبدين,زبدين,Zebdine,Zebdine,34.0952792,35.7170503
5001961906,village,غوسطا,غوسطا,Ghosta,Ghosta,33.9885442,35.6734233
5003055307,village,الأرز,الأرز,El Arz,El Arz,34.24375,36.0403544
5009751539,village,البابلية,البابلية,Babliyeh,El Babliye,33.4212401,35.3422373
5009751577,village,الأنصارية,الأنصارية,Insariya,Insariya,33.4103338,35.2791116
5012756045,town,بيت مري,بيت مري,Beit Mery,Beit Mery,33.8662545,35.603338
5012775703,village,صفرا,صفرا,Safra,Safra,34.0371688,35.6382483
5012780417,village,بوار,بوار,Bouar,Bouar,34.0479747,35.6406838
5012792891,town,صربا,صربا,Sarba,Sarba,33.9774198,35.6184555
5012803301,village,درعون,درعون,Daraoun,Daraoun,33.9763033,35.6603336
5012805090,village,حريصا,حريصا,Harissa,Harissa,33.9821486,35.6506133
5018242049,town,شتورا,شتورا,Chtoura,Chtoura,33.8120286,35.8553364
5018257472,village,رأس بعلبك,رأس بعلبك,Ras Baalbek,Râs Baalbek,34.2597931,36.4200272
5018267887,village,الفاكهه,الفاكهه,Fakeha,Fakeha,34.2450404,36.4029944
5018273500,village,اللبوة,اللبوة,Labweh,Labweh,34.195502,36.3570803
5018282721,village,النبي عثمان,النبي عثمان,Nabi Osmane,Nabi Osmane,34.2144727,36.3689536
5018293944,town,أنفة,أنفة,Enfeh,Enfé,34.3578742,35.7339496
5018298801,town,شكا,شكا,Chekka,Chekka,34.3308738,35.7350815
5018314051,village,مرادية,مرادية,Mradieh,Mradieh,34.0704268,35.7099921
5022971097,town,القاع,القاع,Qaa,Qaa,34.3408227,36.4800435
5022986096,village,الصرفند,الصرفند,As Sarafand,Sarafand,33.4492215,35.2976936
5037241110,town,كفر دبش,كفر دبش,Kfar Dabash,Kfar Dabach,33.9480415,36.0322487
5037406509,village,الناقورة,الناقورة,Naqura,Naqoura,33.1182741,35.1298249
5037422633,town,تبنين,تبنين,Tibnine,Tebnine,33.1932575,35.4117998
5037435456,village,حولا,حولا,Hula,Hula,33.2101829,35.5187344
5037444068,town,برجا,برجا,Barja,Barja,33.6448026,35.4330164
5037448063,town,حمانا,حمانا,Hammana,Hammana,33.8269773,35.7359048
5046640267,city,عاليه,عاليه,Aley,Aley,33.8082697,35.6061181
5046670920,village,زيتون,زيتون,Zeytoun,Zeytoun,34.062508,35.6837869
5051656009,village,بسلوقيط,بسلوقيط,Basloukit,Basloukit,34.3079149,35.9672481
5051679201,town,إهدن,إهدن,Ehden,Ehden,34.2906583,35.9656763
5062354815,village,تنورين,تنورين,Tannourine,Tannourine,34.1843377,35.9027168
5062376226,village,بمهريه,بمهريه,Bmahray,Bmahray,33.7577601,35.7194656
5067294190,village,بعبدات,بعبدات,Baabdat,Baabdat,33.8872681,35.6675434
5075566872,village,حراجل,حراجل,Hrajel,Hrajel,34.0147746,35.7945943
5075577866,village,حصين,حصين,Hsayn,Hsayn,34.0507483,35.7090641
5075594312,village,رعشين,رعشين,Raachine,Raachine,34.0100478,35.7171536
5075655511,village,داريا‎‎,داريا‎‎,Daraya,Daraya,33.9556554,35.6976092
5075661674,village,المعيصرة,المعيصرة,Maaysra,Maaysra,34.0657254,35.6684554
5075673421,village,بطحا,بطحا,Batha,Batha,33.9862408,35.6594592
5145601987,village,دورس,دورس,Duris,Douris,33.9879022,36.1796817
5147989890,village,طفيل,طفيل,Tfail,Tfail,33.8499677,36.3668019
5147996922,village,معربون,معربون,Maaraboun,Maaraboun,33.8516975,36.1887664
5148001687,village,مجدلون,مجدلون,Majdalun,Majdalun,33.9900271,36.1357719
5148014780,village,عين كفر زبد,عين كفر زبد,Ain Kafr Zabad,Ain Kafer Zabad,33.7960892,36.0039299
5148014781,village,الفوعة,الفوعة,Al Faua,Al Faua,33.7804671,35.9683209
5153831103,village,نابيه,نابيه,Nabay,Nabay,33.8990416,35.6188774
5153849338,village,قنابة,قنابة,Qennabet Broummana,Qennabet Broummana,33.8947135,35.6178474
5153851407,village,جدايل,جدايل,Jeddayel,Jeddayel,34.1635848,35.6486499
5153870376,village,طاريا,طاريا,Taraya,Taraya,33.9835275,36.0237784
5155716446,village,دير سريان,دير سريان,Deir Siriane,Deir Siriane,33.2920997,35.5002379
5155720617,town,الطيبة,الطيبة,Et Taibeh,Et Taibeh,33.2749784,35.5205286
5157508270,village,كفر تبنيت,كفر تبنيت,Kafr Tibnit,Kfar Tebnit,33.3499782,35.5111384
5161344803,village,صغبين,صغبين,Saghbine,Saghbine,33.6120907,35.6971872
5161354452,village,باب مارع,باب مارع,Bab Maraa,Bab Maraa,33.5825045,35.6804096
5161364926,village,عين مجدلين,عين مجدلين,Ain Majdalaine,Ain Majdalaine,33.5224617,35.6022423
5162496237,village,متين,متين,Mtein,Mtein,33.893066,35.7436538
5173100525,village,كفريا,كفريا,Kafrayya,Kefraya,33.6660868,35.7374833
5173469391,suburb,بوابة حارة العين,بوابة حارة العين,,,33.6492303,35.4431776
5173469392,suburb,بوابة البزري,بوابة البزري,,,33.6499088,35.4426254
5173469393,suburb,بوابة السباع,بوابة السباع,,,33.6495179,35.4425257
5173469394,suburb,قلعة عنوز,قلعة عنوز,,Qalaat Anouz,33.6452069,35.4389572
5173469395,suburb,المسيل,المسيل,,El Msîl,33.6458493,35.4407498
5173554442,suburb,البساتين,البساتين,,,33.6465582,35.4420051
5173554443,suburb,المراح,المراح,,,33.6464055,35.4544753
5173554444,suburb,خندق مرهج,خندق مرهج,,,33.6454847,35.4528522
5173554446,suburb,الناعورة,الناعورة,,Nâoûra,33.6439222,35.4441601
5173554450,suburb,المحورية,المحورية,,,33.6481405,35.4418153
5173799217,suburb,خلة معاد,خلة معاد,,Khallet Maad,33.6410834,35.4434933
5173799218,suburb,المحافر,المحافر,,,33.6510362,35.4461559
5173799219,suburb,الحفة,الحفة,,El Haffé,33.6459289,35.4391962
5173799220,suburb,الشورة,الشورة,,,33.6506259,35.4459395
5173799535,suburb,كرمومة,كرمومة,,,33.653437,35.4380111
5173799540,suburb,الميدان,الميدان,,Le Maïdan,33.6499853,35.4377417
5173799562,suburb,الصوانة,الصوانة,,Es Saouâné,33.6402143,35.4326131
5173799564,suburb,حواكير السلطي,حواكير السلطي,,,33.6523053,35.4406993
5173799565,suburb,خلة النافوش,خلة النافوش,,,33.6499149,35.4461356
5173799566,suburb,المطلات,المطلات,,,33.6488836,35.448946
5173799568,suburb,تحت المنزول,تحت المنزول,,,33.6504236,35.4409516
5173799576,suburb,البلايط,البلايط,,El Blâyet,33.6455313,35.4400449
5173799577,suburb,قلعة النواويس,قلعة النواويس,,Qalaat Naouâouîs,33.6428929,35.4410587
5173799594,suburb,ساحة النعصة,ساحة النعصة,,,33.6417066,35.4458073
5173799596,suburb,كرم وادي قصب,كرم وادي قصب,,,33.6501112,35.4476406
5173799614,suburb,عبدو الصحرا,عبدو الصحرا,,Aabdou es Sahra,33.6431545,35.4398585
5173799617,suburb,ضهر الحٍيص,ضهر الحٍيص,,,33.642699,35.4457004
5173820866,suburb,جل عمر,جل عمر,,,33.6448287,35.451718
5173820867,suburb,كروم مسرج,كروم مسرج,,Kroûm Mesrej,33.6457364,35.4349656
5173820868,suburb,وادي زوين,وادي زوين,,,33.6489441,35.4433132
5173820869,suburb,المنقب,المنقب,,,33.646487,35.4472508
5173820870,suburb,كرم الشيخ يوسف,كرم الشيخ يوسف,,Karm ech Cheïkh Yoûssef,33.6537162,35.4393466
5173820872,suburb,خندق حديد,خندق حديد,,,33.6415959,35.427964
5173820873,suburb,خلة سرسق,خلة سرسق,,,33.6477964,35.4291074
5173820874,suburb,قلعة بو عارف,قلعة بو عارف,,Qalaat Bou Aarif,33.6469662,35.4306819
5173820875,suburb,خلة الشعار,خلة الشعار,,Khallat ach Chaar,33.6519753,35.4301862
5176131909,village,مشتى حمود,مشتى حمود,Machta Hammoud,Machta Hammoud,34.6331581,36.3261395
5176838951,suburb,مغارة الملح,مغارة الملح,,,33.6389917,35.4360716
5176838952,suburb,كسارغيض,كسارغيض,,Ksâr Ghaid,33.6409517,35.4396547
5176838954,suburb,كرم ضرار,كرم ضرار,,,33.6417462,35.4440513
5176838956,suburb,الجرينة,الجرينة,,,33.6533259,35.437125
5176838959,suburb,كرم الكردوش,كرم الكردوش,,,33.6508726,35.4386378
5176838960,suburb,خلة عويد,خلة عويد,,,33.652714,35.4332488
5176838961,suburb,البطمة,البطمة,,,33.6542335,35.433214
5176838963,suburb,خلة عسول,خلة عسول,,Khallet Assoul,33.6455891,35.4278624
5176838964,suburb,المستوية,المستوية,,,33.6509933,35.437334
5176838965,suburb,توتات الحامض,توتات الحامض,,Toûtât al Hamid,33.6373768,35.4282733
5176838966,suburb,خلة البومة,خلة البومة,,,33.6472987,35.4269193
5177890343,village,صاليما,صاليما,Salima,Salima,33.8727474,35.6967571
5177895635,village,قرنايل,قرنايل,Qarnayel,Qarnayel,33.8557575,35.7275668
5191507381,village,الخريبة,الخريبة,El Khraibe,El Khraibe,33.8728059,36.1634234
5191514510,village,حام,حام,Ham,Ham,33.8721046,36.20288
5194520937,village,كفرا,كفرا,Kafra,Kafra,33.1698334,35.3454852
5194520938,village,ياطر,ياطر,Yatar,Yatar,33.1554633,35.3317416
5194593668,village,قرحا,قرحا,Qarha,Qarha,34.6219164,36.444633
5200551812,town,ذوق الخراب,ذوق الخراب,Zouk el Kharab,Zouk El Kharab,33.9436277,35.6013561
5200611894,neighbourhood,الجسر,الجسر,Jisr,Jisr,33.9019548,35.5360266
5211271261,village,عيتنيت,عيتنيت,Aaitanit,Aaitanit,33.5612676,35.6706393
5211280727,village,تعنايل,تعنايل,Taanayel,Taanayel,33.7960714,35.8720779
5213111834,village,العريضة,العريضة,El Aarida,El Aarida,34.6328716,35.9786571
5213119029,village,كنيسة,كنيسة,Kanisa,Knaisse,34.6006977,36.4390218
5213119030,village,السماقية,السماقية,As Sammaqiya,As Sammaqiya,34.6390782,36.0027015
5214819546,village,كرم سدة,كرم سدة,Karm Sadda,Karm Sadda,34.3064342,35.8934346
5214828023,village,كفر فو,كفر فو,Kfarfou,Kfarfou,34.3170274,35.8819827
5214831031,village,رأس كيفا,رأس كيفا,Ras Kifa,Ras Kifa,34.3113792,35.8695079
5214834447,village,كوسبا,كوسبا,Kousba,Kousba,34.2983659,35.8503349
5214837036,village,كفر عقا,كفر عقا,Kfar Aaqqa,Kfar Aaqqa,34.3037018,35.8361869
5214837732,village,طورزا,طورزا,Tourza,Tourza,34.2829326,35.8980341
5214839079,village,قنات,قنات,Qnat,Qnat,34.2529047,35.8954383
5214843174,village,عيناتا,عيناتا,Ainata,Ainata,34.1867531,36.0816815
5217165368,village,تل البيرة,تل البيرة,Tall al Bira,Tall al Bira,34.6226336,36.0587489
5217171899,village,تل بيبي,تل بيبي,Tall Bibi,Tall Bibi,34.6169909,36.0066053
5222878393,village,الكنيسة,الكنيسة,Al Kanisa,Al Kanisa,34.6187544,36.0212297
5222881684,village,المغراق,المغراق,Al Maghraq,Al Maghraq,34.6100037,36.0185689
5222885189,village,حكر الضهري,حكر الضهري,Hokr Ed Dahri,Hokr ed Dahri,34.629958,36.0235035
5226861115,village,عين زبدة,عين زبدة,Ain Zebde,Ain Zebde,33.6221731,35.7036285
5226873761,town,قرعون,قرعون,Qaraoun,Qaraoun,33.5632423,35.72039
5226877350,town,بعلول,بعلول,Baaloul,Baaloul,33.5880555,35.7478055
5226880848,village,لالا,لالا,Lala,Lala,33.6008839,35.7629472
5230963141,village,عاقورة,عاقورة,Aaqoura,Aakoura,34.1211831,35.9029559
5236986413,village,دوما,دوما,Douma,Douma,34.2045724,35.8407282
5236986936,village,حرايق,حرايق,Hrayeq,Hrayek,34.20655,35.8544289
5236992666,village,بشعلة,بشعلة,Bchaaleh,Bchaaleh,34.2039356,35.8273607
5237034479,village,بلعه,بلعه,Balaa,Balaa,34.1783564,35.8745203
5237036556,village,عبلة,عبلة,Aabla,Aabla,34.1510867,36.2740782
5237729380,village,مجدل,مجدل,Majdal,Majdal,34.2539088,35.7945084
5242915535,village,حيطورة,حيطورة,Haitoura,Haitoura,33.5193572,35.5522757
5242915536,village,قيتولي,قيتولي,Kaitouly,Kaitouly,33.5373731,35.5521643
5242945245,village,المكنونية,المكنونية,Maknounieh,Maknounieh,33.5289184,35.5476368
5247458622,locality,جسر رأس النبع,جسر رأس النبع,Ras Al Nabaa Bridge,,33.8782446,35.5073088
5247625030,town,قب إلياس,قب إلياس,Qabb Ilyas,Kab Elias,33.798492,35.8256221
5247626588,village,مكسة,مكسة,Makseh,Makseh,33.8086419,35.8307719
5247635065,village,زبدل,زبدل,Zebdol,Zebdol,33.8142223,35.8368176
5255378161,neighbourhood,Capucines,,,Capucines,34.2497065,36.0783495
5262771396,village,مار موسى,مار موسى,Mar Moussa,Mar Moussa,33.9009865,35.6861495
5262773588,village,سفيلة,سفيلة,Sufayla,Sfayla,33.8856226,35.6756129
5262775680,village,زرعون,زرعون,Zaraaoun,Zaraaoun,33.89591,35.7091254
5272284254,town,مقنة,مقنة,Maqnah,Maqna,34.0774297,36.2064636
5272288747,village,شعت,شعت,Shaat,Chaat,34.1418501,36.2317809
5272289492,village,دير عشاير,دير عشاير,Dayr Al Aachayer,Deïr el Aachâyer,33.5565596,36.0106623
5273978140,village,ريحان,ريحان,Rihan,Rihan,33.4389263,35.5632591
5285840836,neighbourhood,عين التينة,عين التينة,Ain El Tineh,Ain El-Tiné,33.8864309,35.4805505
5288416669,village,تنورة,تنورة,Tannoura,Tannoura,33.4734986,35.8015547
5288420441,village,بكيفا,بكيفا,Bakkifa,Bakkifa,33.4944064,35.8199774
5288430207,village,النبعات,النبعات,Nabaat,Nabaat,33.4889521,35.7551976
5288450721,village,ثلثاتة,ثلثاتة,Toultata,Toultata,33.495841,35.7466015
5290181107,neighbourhood,تلة الخيّاط,تلة الخيّاط,Tallet Khayat,Tallet Khayat,33.8821379,35.4869342
5290191215,neighbourhood,دار الفتوى,دار الفتوى,Dar Al Fatwa,Dar El Fatoua,33.8859589,35.4880285
5290198108,neighbourhood,الوطى,الوطى,Wata El Moussaitbeh,Wata El Moussaitbeh,33.8794747,35.4937363
5322584625,village,عيتيت,عيتيت,Aytit,Aytit,33.2249659,35.3060084
5322872469,town,بر إلياس,بر إلياس,Bar Elias,Bar Elias,33.7743538,35.9043906
5322877368,village,تربل,تربل,Terbol,Terbol,33.8182589,35.9847944
5322892876,village,معاملتين,معاملتين,Maameltein,Maameltein,34.0089691,35.6455516
5322895997,village,غدير,غدير,Ghadir,Ghadir,33.9774972,35.6343423
5323571622,village,قانا,قانا,Qana,Qana,33.20895,35.2984588
5328083752,village,المعيزية,المعيزية,El Maaiziye,El Maaiziye,34.4020942,35.9128529
5328083760,town,زغرتا,زغرتا,Zgharta,Zgharta,34.3935513,35.8957725
5341508424,village,شويفات,شويفات,Shoueifat,Choueifat,33.8169808,35.5161455
5345647299,village,جرمق,جرمق,Jarmaq,Jarmaq,33.3883164,35.5402846
5348899536,village,بسوس,بسوس,Bsous,Bsous,33.8170777,35.5800643
5348907834,town,بشامون,بشامون,Beshamoun,Bechamoun,33.7819483,35.5315831
5348916658,town,الكحالة,الكحالة,Kahale,Kahale,33.8226878,35.5829141
5348920941,village,رملية,رملية,Ramlieh,Ramlieh,33.7477813,35.6482207
5348933838,village,صوفر,صوفر,Sawfar,Sawfar,33.8020548,35.7012197
5348937869,village,سوق الغرب,سوق الغرب,Souk El Gharb,Souk El Gharb,33.7900253,35.5717492
5348981067,village,لقلوق,لقلوق‎,Laqlouq,Laqlouq,34.1388062,35.8734628
5348984477,village,يانوح,يانوح,Yanouh,Yanouh,34.1005821,35.884037
5348987600,village,حجولا,حجولا,Hjoula,Hjoula,34.1339594,35.7442889
5351650373,village,حبوس,حبوس,Hbous,Hbous,33.9294493,35.6417942
5351665618,village,عين عار,عين عار,Ain Aar,Ain Aar,33.9228105,35.6448612
5351704868,village,قرنة شهوان,قرنة شهوان,Qornet Shahwane,Qornet Chahouane,33.9152691,35.6259691
5351712164,village,زكريت,زكريت,Zakrit,Zakrit,33.9364451,35.6319498
5353032323,village,دير طاميش,دير طاميش,Deir Tamiche,Deir Tamiche,33.9401345,35.6209259
5353038496,village,مزرعة يشوع,مزرعة يشوع,Mazraat Yachou,Mazraat Yachou,33.9300335,35.6327031
5353054074,village,مزرعة دير عوكر,مزرعة دير عوكر,Mazraet Deir Aoukar,Mazraet Deir Aoukar,33.9318808,35.6078171
5355010598,village,دير مار عبدا المشمر,دير مار عبدا المشمر,Mar Abda El Mchammar,Mar Abda El Mchammar,33.942639,35.6331253
5355042481,village,حارة البلان,حارة البلان,Haret El Belleni,Haret El Belleni,33.9403083,35.6002047
5355185648,village,قرنة الحمرا,قرنة الحمرا,Kornet El Hamra,Kornet El Hamra,33.9359544,35.6480169
5355362442,village,مزرعة الحضيرة,مزرعة الحضيرة,Mazraet El Hadira,Mazraet El Hadira,33.9307238,35.6056671
5355552898,village,الرابية,الرابية,Rabieh,Rabieh,33.9191383,35.6056529
5355691930,village,غبالة,غبالة,Ghbaleh,Ghbaleh,34.0536947,35.7227244
5364668126,village,غلبون,غلبون,Ghalboun,Ghalboun,34.1738231,35.7053353
5375664522,village,بحنس,بحنس,Bhannes,Bhannes,33.9050682,35.6566387
5382839487,village,جعيتا,جعيتا,Jeita,Jeita,33.9509506,35.6447525
5394567339,village,كفر حونة,كفر حونة,Kfarhouna,Kfarhouna,33.4939236,35.5850987
5396519732,village,بريصا,بريصا,Brissa,Brissa,34.4434207,36.3161476
5416848707,village,شملان,شملان,Chemlane,Chemlane,33.7817121,35.5455332
5416848708,village,عين عنوب,عين عنوب,Ain Anoub,Ain Anoub,33.7858185,35.5426135
5416848709,village,عيتات,عيتات,Aytat,Aytat,33.7953076,35.5575759
5416848710,village,بمكين,بمكين,Bmekkine,Bmekkine,33.7984421,35.5697952
5416848711,village,عين الرمانة,عين الرمانة,Ain El Remmaneh,Ain El Remmaneh,33.8041606,35.5886568
5416915972,village,قماطية,قماطية,Qmatiyeh,Qmatiyeh,33.802016,35.5795137
5416951814,town,خلدة,خلدة,Khalde,Khaldeh,33.7817608,35.4857182
5421813516,town,شياح,شياح,Chiyah,Chiyah,33.8652121,35.5179838
5421872500,town,غبيري,غبيري,Ghobeiry,Ghobeiry,33.8597545,35.5056707
5421895959,town,حازمية,حازمية,Hazmieh,Hazmiyeh,33.8540992,35.5373999
5421906316,town,فرن الشباك,فرن الشباك,Forn el Chebbak,Forn el Chebbak,33.8719938,35.5222897
5427923144,village,بيت شباب,بيت شباب,Beit Chabab,Beit Chabab,33.9275343,35.6723258
5431793311,village,بوشرية,بوشرية,Bauchrieh,Bauchrieh,33.8894594,35.5548666
5431813171,village,جل الديب,جل الديب,Jal El Dib,Jal el Dib,33.9085375,35.5818721
5435414917,village,عجلتون,عجلتون,Ajaltoun,Ajaltoun,33.9651447,35.6856246
5451385460,village,كفر حيم,كفر حيم,Kfar Him,Kfar Him,33.6880305,35.5232245
5455083701,village,عقيبة,عقيبة,Okaibe,Okaibe,34.0567157,35.6450875
5463226434,village,ميسات,ميسات,Maisat,Maisat,33.2626526,35.6193188
5463227721,town,دير الأحمر,دير الأحمر,Deir El Ahmar,Deir El Ahmar,34.1250724,36.1312578
5477073477,town,بنت جبيل,بنت جبيل,Bint Jbail,Bent Jbaïl,33.1195382,35.4327933
5503602736,village,الحدث,الحدث,Hadath,Hadath,33.8349983,35.5363297
5503602737,village,سلعاتا,سلعاتا,Selaata,Selaata,34.2797548,35.664593
5509895288,village,عيتا الشعب,عيتا الشعب,Ayta Ash Shab,Aita Ech Chaab,33.0991247,35.340805
5509898226,town,رميش,رميش,Rmeish,Rmaïch,33.0777979,35.3678431
5519291336,village,شبعا,شبعا,Shebaa,Chebaa,33.3444753,35.7494258
5519544294,town,ميس الجبل,ميس الجبل,Meiss Ej Jabal,Meiss El Jabal,33.1699525,35.5241964
5521352152,village,الفرديس,الفرديس,Fardis,Fardis,33.3710683,35.6673999
5521352568,village,الهبارية,الهبارية,Hebbariye,Hebbariye,33.3681176,35.6961725
5522106653,town,جب جنين,جب جنين,Joub Jannine,Joub Jannine,33.626281,35.7840064
5523874137,village,فرزل,فرزل,Fourzol,Ferzol,33.8746506,35.9434266
5577388309,village,يارون,يارون,Yaroun,Yaroun,33.0810393,35.422095
5577890947,village,مارون الرأس,مارون الرأس,Maroun Al Ras,Maroun Al Ras,33.1030866,35.4449613
5578540130,village,صموخة,صموخة,Sammoukha,Sammoukha,33.0680728,35.3509441
5578640045,village,مروحين,مروحين,Marwahin,Marwahin,33.108647,35.2767362
5578640046,village,قوزح,قوزح,Qawzah,Qawzah,33.1215317,35.3400665
5580845258,village,النبي شيث,النبي شيث,Al Nabi Shayth,Al Nabi Shayth,33.8726783,36.1108887
5580845402,village,سرعين الفوقا,سرعين الفوقا,Saraain El Faouqa,Saraain El Faouqa,33.8780377,36.0927163
5590293377,village,المرج,المرج,El Marj,El Marj,33.7622531,35.8814091
5590736166,village,منيارة,منيارة,Miniara,Miniara,34.5313427,36.0595611
5595533622,village,داريا,داريا,Daraiya,Daraiya,34.3293161,35.8696314
5605013079,town,مرجعيون,مرجعيون,Marjayoun,Marjayoun,33.3592529,35.5902134
5607977623,town,عدلون,عدلون,Aadloun,Aadloun,33.4048204,35.274391
5607977624,village,مزرعة المنهلي,مزرعة المنهلي,Mazraat El Mankhale,Mazraat El Mankhale,33.4000832,35.267614
5659045412,town,أميون,أميون,Amioun,Amioun,34.3001379,35.8166528
5679639512,neighbourhood,السريج,السريج,,,33.7995446,35.8232204
5680243416,village,الصالحية,الصالحية,Es Salhiye,Es Salhiye,34.0765012,35.7124862
5680243831,village,الخرايب,الخرايب,Khrayeb,Khrayeb,34.0755177,35.7076418
5682658580,village,بصرما,بصرما,Bsarma,Bsarma,34.3341696,35.8412432
5685382447,village,تحوم,تحوم,Thoum,Thoum,34.2133549,35.6615889
5685447728,village,لبعا,لبعا,Lebaa,Lebaa,33.5477435,35.4513252
5685463073,village,صفاريه,صفاريه,Safarayh,Sfaray,33.5540382,35.5018258
5685463078,village,عين المير,عين المير,Ain El Mir,Ain El Mir,33.5404781,35.453943
5685469634,village,عنان,عنان,Anan,Anan,33.5666799,35.5089712
5685478289,village,الحمصية,الحمصية,Al Humsiyya,Homsieh,33.549961,35.5508566
5685479064,village,روم,روم,Rum,Roum,33.5513916,35.5280685
5703867828,village,حنيدر,حنيدر,Hnaider,Hnaider,34.6150151,36.4281656
5703867829,village,المجدل,المجدل,El Majdal,El Majdal,34.6285133,36.3967556
5713885428,village,المقيبلة,المقيبلة,Muqeible,Muqeible,34.6438454,36.3532686
5714245896,village,عبادية,عبادية,Aabadiye,Aabadiyeh,33.8368519,35.6215801
5714246403,village,رأس المتن,رأس المتن,Ras Al Matn,Ras Al Matn,33.848858,35.6615925
5715710459,village,شليفا,شليفا,Shlifa,Chlifa,34.0847696,36.1012673
5715710480,village,حصرون,حصرون,Hasroun,Hasroun,34.2411114,35.9812546
5729019387,village,دبين,دبين,Dibbin,Dibbin,33.3698001,35.5939154
5741941316,village,بقعاتة كنعان,بقعاتة كنعان,Beqaatet Kenaan,Beqaatet Kenaan,33.9635927,35.7685459
5750126956,village,بليدا,بليدا,Blida,Blida,33.1398279,35.5152661
5750147409,town,القبيات,القبيات,Al Qoubaiyat,Koubayat,34.568685,36.2803399
5752575749,village,أكروم,أكروم,Akrum,Akroum,34.5441285,36.3636532
5752590389,village,قنيا,قنيا,Qinia,Qenia,34.586489,36.3684265
5752592725,village,كفر تون,كفر تون,Kfar Toun,Kfar Toun,34.5587091,36.3576692
5758770637,village,البيرة,البيرة,Al Birah,Al Birah,34.587481,36.2331123
5761567171,village,دير البلمند,دير البلمند,Deir el Balamand,Deir el Balamand,34.3650265,35.7800817
5761618537,village,قلحات,قلحات,Qalhat,Qalhat,34.3565599,35.7810668
5761647631,village,زكرون,زكرون,Zakroun,Zakroun,34.3533904,35.7527771
5762346768,village,عينطورة,عينطورة,Aintoura,Aintoura,33.9598821,35.6351424
5762374926,village,فيع,فيع,Fiaa,Fiaa,34.3480329,35.7899237
5762379235,village,دار بعشتار,دار بعشتار,Darbechtar,Darbechtar,34.2731149,35.7941614
5762388374,village,مستيتا,مستيتا,Mastita,Mastita,34.1047968,35.6596375
5764388273,town,الجية,الجية,Jieh,Jieh,33.6455445,35.4036543
5773962711,village,الخنشارة,الخنشارة,Khenchara,Khenchara,33.9224809,35.7382313
5773994388,village,مرجبا,مرجبا,Marjaba,Marjaba,33.9163013,35.7535635
5774000075,town,بتغرين,بتغرين,Bteghrine,Bteghrine,33.9303973,35.7445191
5774001536,village,وطى المروج,وطى المروج,Wata El Mrouj,Wata El Mrouj,33.909964,35.7436263
5774010412,village,زغرين,زغرين,Zighrin,Zeghrine,33.9248627,35.7126104
5774016817,village,حملايا,حملايا,Himlaya,Hemlaya,33.9397127,35.7072777
5774028619,village,فريكة,فريكة,Freike,Freike,33.9345067,35.6576004
5775774910,village,قلمون,قلمون,Qalamoun,Qalamoun,34.3879308,35.7881306
5775792656,village,برسا,برسا,Barsa,Barsa,34.3882233,35.8278246
5775796711,village,عين عكرين,عين عكرين,Ain Akrine,Ain Akrine,34.287854,35.8449153
5775799090,village,بزيزا,بزيزا,Bziza,Bziza,34.2731876,35.8205685
5775864630,village,زندوقة,زندوقة,Zandouqa,Zandouqa,33.8649722,35.637567
5779148454,town,قليعات,قليعات,Qleiat,Qleiat,33.9727584,35.7142884
5779250401,village,بقعاتا,بقعاتا,Buqaata,Beqaata,34.003277,35.7286305
5780238183,village,بريتال,بريتال,Brital,Brital,33.938595,36.1470753
5780245233,village,الخضر,الخضر,Al Khudr,Al Khoudr,33.9045283,36.1210633
5782432417,town,حاصبيا,حاصبيا,Hasbaya,Hasbaya,33.3964734,35.6811724
5790210190,town,المنية,المنية,Miniyeh,Minieh,34.4757384,35.9304694
5790261444,village,عين الخروبة,عين الخروبة,Ain Al Kharruba,Ain El Kharroubeh,33.9356873,35.6999981
5799788932,town,راشيا,راشيا,Rashaya,Rashaya,33.5014243,35.8448806
5799845436,village,غزة,غزة,Ghazza,Ghazze,33.6711831,35.8276513
5799848717,village,كفر مشكي,كفر مشكي,Kfar Mishki,Kfar Mishki,33.5147473,35.7661993
5799850348,village,عين التينة,عين التينة,Ain At Tina,Ain El Tineh,33.5021232,35.6423478
5809851762,village,بيت لاهيا,بيت لاهيا,Beit Lahia,Beit Lahia,33.4840472,35.8024631
5811026372,village,كفتون‎,كفتون‎,Kaftoun,Kaftoun,34.2666746,35.7686051
5811028616,village,كفيفان,كفيفان,Kfifan,Kfifan,34.23083,35.7186074
5811031469,village,بلا,بلا,Billa,Billa,34.2652671,35.8918324
5811031494,village,حدشيت,حدشيت,Hadshit,Hadchit,34.2552661,35.9840098
5811036215,village,حصارات,حصارات,Hsarat,Hsarat,34.1663084,35.6889286
5813255388,village,قرقف,قرقف,Qarqaf,Qarqaf,34.4871227,36.0194771
5813260375,village,شدرا,شدرا,Shadra,Chadra,34.6188689,36.3202152
5813273783,village,عندقت,عندقت,Andakit,Andakit,34.5870739,36.3057649
5818159945,village,كفر قاهل,كفر قاهل,Kfar Qahel,Kfar Qahel,34.3566475,35.8491397
5818812839,village,منجز,منجز,Menjez,Menjez,34.6161982,36.248704
5818824310,village,شربيلا,شربيلا,Charbila,Charbila,34.5823954,36.1484822
5818839898,village,زبود,زبود,Zabboud,Zabboud,34.2414124,36.3190692
5818854343,village,نحلة,نحلة,Nahla,Nahla,34.0422845,36.2586059
5818863038,village,تولا,تولا,Toula,Toula,34.2004204,35.7272679
5818869443,village,بخعاز,بخعاز,Bekhaaz,Bekhaaz,34.1880045,35.6673796
5818878768,village,إده,إده,Eddeh,Eddeh,34.1417602,35.6653638
5818885310,village,عاليتا,عاليتا,Alita,Alita,34.0908612,35.6907042
5822782980,village,كوكبا,كوكبا,Kawkaba,Kawkaba,33.5284014,35.7820602
5822782996,village,عز العرب,عز العرب,Ezz El Arab,Ezz El Arab,33.5209395,35.8028185
5827129389,hamlet,جبل عين التينة,جبل عين التينة,,Jabel Aïn et Tīné,33.5072068,35.6317078
5827130398,village,مشغرة,مشغرة,Machghara,Machghara,33.5306063,35.6541446
5827796319,village,خرايب,خرايب,Kharayeb,Kharayeb,34.2402564,36.3028071
5827796367,neighbourhood,حارة الفوقي,حارة الفوقي,,,34.2421135,36.3156157
5827796380,village,حلبتا,حلبتا,Hlabta,Hlabta,34.2557211,36.2880421
5827796522,neighbourhood,قرنة العذراء,قرنة العذراء,,,34.2559414,36.2901578
5827796560,village,المعيسرة,المعيسرة,Maaysarah,Maaysarah,34.2765982,36.2924105
5829105200,town,يونين,يونين,Younine,Younine,34.0789982,36.2751575
5829105207,village,خورماتا,خورماتا,Khourmata,Khourmata,34.0873015,36.2527954
5829409457,village,ريحا,ريحا,Riha,Riha,34.1523254,36.1922096
5829411590,hamlet,كرم عقيل,كرم عقيل,Karm Aaqil,Karm Aaqil,34.141882,36.2240168
5829411676,neighbourhood,القبع,القبع,,,34.140104,36.230408
5829411686,village,رسم الحدث,رسم الحدث,Rasm El Hadeth,Rasm El Hadeth,34.1410244,36.2758048
5832182844,village,كفر قوق,كفر قوق,Kafr Quq,Kfar Qouq,33.5344612,35.892228
5832182846,hamlet,الكساير,الكساير,,,33.5341682,35.866167
5832182847,hamlet,خلة حبيبي,خلة حبيبي,,,33.5404699,35.8765056
5832183006,hamlet,الوعرات,الوعرات,,,33.5575704,35.910832
5832802679,hamlet,كوكبا السوق,أبو عرب,,,33.3840797,35.6384678
5838641455,village,حور تعلا,حور تعلا,Haour Taala,Haour Taala,33.9178997,36.1415639
5838807433,neighbourhood,قلعة التنور,قلعة التنور,,,33.9331576,36.1432124
5839816053,village,حوش بردى,حوش بردى,Haouch Barada,Haouch Barada,34.0110001,36.120528
5850107246,village,مراح الخوخ,مراح الخوخ,Mrah El Khaoukh,Mrah El Khaoukh,34.5874382,36.3546207
5850107277,hamlet,تلة جورة النجاص,تلة جورة النجاص,,Tallet Jouret en Njas,34.5763622,36.3589126
5850107796,neighbourhood,تلة البلاط,تلة البلاط,,Tallet el Blat,34.5571149,36.350705
5852580191,town,البازورية,البازورية,Al Bazuriya,Al Bazuriya,33.2533555,35.2713871
5854187663,village,عيحا,عيحا,Ayha,Ayha,33.5010757,35.877613
5857341151,village,النبي رشاد,النبي رشاد,Nabi Rashad,Nabi Rachad,33.9938614,36.0382163
5857343327,village,كفر دان,كفر دان,Kfar Dane,Kfar Dane,34.0113584,36.0473189
5859539187,village,عبري,عبري,Aabri,Aabri,34.0754513,35.7841533
5859557747,village,قطين,قطين,Qattine,Qattine,34.0244858,35.7061329
5859561252,village,جورة مهاد,جورة مهاد,Jouret Mhad,Jouret Mhad,34.0416754,35.7366343
5859565963,village,بزحل,بزحل,Bizhel,Bizhel,34.0788721,35.6989951
5859579432,village,شواغير,شواغير,Shouaghir,Chouaghir,34.4049428,36.4273381
5859579433,village,تل الفار,تل الفار,Tal El Far,Tal El Far,34.4131432,36.4123729
5859579441,village,المنصورية,المنصورية,Mansoura,Mansoura,34.4270861,36.4084823
5859579442,village,البويضة,البويضة,Bouaida,Bouayda,34.4372717,36.4157971
5859579449,village,ناصرية,ناصرية,Nasriyeh,Nasriyeh,34.4505291,36.4228749
5859579472,neighbourhood,شواغير الفوقا,شواغير الفوقا,,,34.4024304,36.4387908
5860933268,village,حبالين,حبالين,Hbaline,Hbaline,34.158224,35.684114
5860960543,village,جورة بدران,جورة بدران,Jouret Bedrane,Jouret Bedrane,34.060684,35.7123379
5860971879,village,عين الريحانة,عين الريحانة,Ain El Rihaneh,Ain El Rihaneh,33.959664,35.6473181
5860974363,village,وطى الجوز,وطى الجوز,Wata Ej Jaouz,Wata El Jawz,34.0152696,35.7574112
5860981904,village,عين الدلبة,عين الدلبة,Ain El Delbeh,Ain El Delbeh,34.0287309,35.7638708
5860990918,village,بيت منذر,بيت منذر,Beit Monzer,Beit Monzer,34.2599931,35.9121952
5860998529,village,سهيلة,سهيلة,Sehaile,Suhaila,33.9592897,35.6595425
5866296361,village,عين قنيا,عين قنيا,Ain Qinya,Ain Qinya,33.4014021,35.7058968
5866296362,village,شويا,شويا,Chouya,Chouya,33.3947537,35.7145115
5866296363,neighbourhood,المملحة,المملحة,,,33.3905242,35.7160483
5866296364,neighbourhood,حارة الحرف,حارة الحرف,,,33.3929755,35.7113474
5866578737,village,القليعة,القليعة,Klayaa,Klayaa,33.334772,35.5708924
5866582498,village,برج الملوك,برج الملوك,Burj Al Muluk,Burj Al Muluk,33.3230471,35.5631656
5866585232,village,دير ميماس,دير ميماس,Dayr Mimas,Deir Mimas,33.3020815,35.5467215
5876921963,village,ميفدون,ميفدون,Mayfadoun,Mayfadoun,33.3484623,35.4772269
5876926515,village,معاصر الشوف,معاصر الشوف,Maasser El Shouf,Maasser El Chouf,33.66832,35.6706174
5879582531,village,بتلون,بتلون,Batloun,Batloun,33.6954999,35.6522101
5879584056,village,فوارة,فوارة,Fawara,Fawara,33.7114315,35.6408587
5879585727,village,كفر نبرخ‎,كفر نبرخ‎,Kfar Nabrakh,Kfar Nabrakh,33.6947037,35.6332932
5879588389,village,كفر قطرة,كفر قطرة,Kfar Katra,Kfar Katra,33.711895,35.5855419
5879590636,village,جرنايا,جرنايا,Jurnaya,Jernaya,33.488087,35.4740804
5879591075,village,حاروف,حاروف,Harouf,Harouf,33.3742285,35.4430582
5879702735,village,رشميا,رشميا,Rechmaiya,Rechmaiya,33.7366153,35.5992021
5879708207,village,القطراني,القطراني,Qatrani,Qatrani,33.4402001,35.6036357
5879712388,village,الصالحاني,الصالحاني,As Salihani,As Salihani,33.1291417,35.3032712
5879713300,village,فرون,فرون,Froun,Froun,33.2947191,35.4278612
5885717199,village,مجدل المعوش,مجدل المعوش,Majdel El Meoush,Majdel El Meouch,33.7262896,35.6252962
5885723604,village,المشرفة,المشرفة,Mesherfe,Mecherfeh,33.7606388,35.655968
5893982952,village,منصورة,منصورة,Mansoura,Mansoura,33.6789442,35.8154281
5895041508,village,ناعمة,ناعمة,Naameh,Naameh,33.7450161,35.464206
5895137012,village,عمارة شلهوب,عمارة شلهوب,Aamaret Chalhoub,Aamaret Chalhoub,33.8973287,35.5685954
5895139900,village,مجذوب,مجذوب,Majzoub,Majzoub,33.9020482,35.5969126
5895139966,village,المسقى,المسقى,Masqa,Masqa,33.8821637,35.6459928
5895142624,village,قصيبة,قصيبة,Qsaibeh,Qsaibeh,33.8665036,35.6508712
5895155319,village,دبعال,دبعال,Debaal,Debaal,33.249218,35.3489335
5896707084,village,زبوغا,زبوغا,Zabbougha,Zabbougha,33.9530965,35.7357905
5896727553,village,عين علق,عين علق,Ain Aalaq,Ain Aalaq,33.9201235,35.6587923
5896847615,village,عين القبو,عين القبو,Ain El Qabou,Ain El Qabou,33.9404127,35.7608928
5896858973,village,العيون,العيون,Aayoun,Aayoun,33.8828354,35.6531311
5900136899,village,عيرون,عيرون,Aayroun,Aayroun,33.9078843,35.7022438
5900141470,village,أبو ميزان,أبو ميزان,Abu Mizan,Abou Miziane,33.9396208,35.7220848
5900144993,village,مار مخايل بنابيل,مار مخايل بنابيل,Mar Mikhayil Banabil,Mar Mikhayel Bnabil,33.9007909,35.7353788
5900147635,village,بحرصاف,بحرصاف,Bhersaf,Bhersaf,33.9136431,35.6675525
5900153981,village,دير شمرا,دير شمرا,Dair Shamra,Deir Chamra,33.9464136,35.7114032
5908919826,village,ضهر الحصين,ضهر الحصين,Dahr El Hossein,Dahr El Hossein,33.8693432,35.5609999
5908925722,village,مار شعيا,مار شعيا,Mar Chaaya,Mar Chaaya,33.8940626,35.6453352
5908928521,village,مشيخا,مشيخا,Mshikha,Mchikha,33.8855893,35.7437172
5908928702,village,مكلس,مكلس,Mkalles,Mkalles,33.8607665,35.556413
5908928800,village,المشرح,المشرح,Al Mashrah,Al Mashrah,33.8871452,35.6486821
5908931331,village,ساقية المسك,ساقية المسك,Saqiyyat Al Misk,Saqiyyat Al Misk,33.9182049,35.6775745
5910333740,village,الغابة,الغابة,Ghabeh,Al Ghabeh,33.8818002,35.6404802
5910348571,village,القعقور,القعقور,Qaaqour,Qaaqour,33.8931905,35.7156976
5910356003,village,سد البوشرية,سد البوشرية,Sadd El Baouchriyeh,Sad El Baouchriyeh,33.8759308,35.563148
5910390307,village,دير مار روكز,دير مار روكز,Deir Mar Roukoz,Deir Mar Roukoz,33.8676546,35.5539188
5910401557,village,ضهر صوان,ضهر صوان,Dahr El Souane,Dahr Es Souane,33.9037162,35.6583929
5924958418,village,دميت,دميت,Damit,Dmit,33.6926742,35.5059639
5924975189,village,أرصون,أرصون,Arsoun,Arsoun,33.8587204,35.6891456
5924976123,village,قرطاضة,قرطاضة,Qortada,Qortada,33.8619203,35.6291044
5924976656,village,كفر عمي,كفر عمي,Kfar Amay,Kfar Amay,33.7679312,35.5934027
5943421451,town,كفر شيما,كفر شيما,Kfarshima,Kfarchima,33.8136952,35.5355398
5944292807,village,هرهريا,هرهريا,Harharaya,Harharaya,34.0248484,35.6986744
5944431742,village,عرمتى,عرمتى,Aramta,Aramta,33.4618484,35.5744169
5944634633,village,المطلة,المطلة,Al Mutulla,Mtolle,33.6106501,35.5392976
5944639563,village,غريفة,غريفة,Gharife,Gharife,33.6392369,35.5519869
5944653452,village,بعقلين,بعقلين,Baaqline,Baaqline,33.6773922,35.5635483
5944664498,village,زلاية,زلاية,Zillaya,Zillaya,33.4587999,35.6707199
5944666390,village,بطمة,بطمة,Boutmeh,Boutmeh,33.6612564,35.6223414
5944688822,village,سحمر,سحمر,Sohmor,Sohmor,33.5191638,35.6907891
5982117480,village,حوش حالا,حوش حالا,Houch Hala,Houch Hala,33.8474203,36.0005221
5992248085,village,الخيام,الخيام,Khiam,Khiam,33.3272226,35.6089702
6051416349,village,بتدين اللقش,بتدين اللقش,Bteddine El Loqsh,Bteddine El Loqsh,33.5687503,35.557823
6051775790,village,عبرا,عبرا,Aabra,Aabra,33.5648305,35.3984254
6051781777,village,إركي,إركي,Erkay,Erkay,33.4603412,35.4150377
6051786848,village,بقسطة,بقسطة,Bqosta,Bqosta,33.5762869,35.3998742
6051788003,village,كفر حتى,كفر حتى,Kafr Hatta,Kfar Hatta,33.504197,35.4517632
6051789172,village,طنبوريت,طنبوريت,Tanbourit,Tanbourit,33.5167546,35.4149607
6051792263,village,تفاحتا,تفاحتا,Teffahta,Teffahta,33.4398544,35.3684648
6051796122,village,عنقون,عنقون,Aanqoun,Aanqoun,33.5007599,35.4320305
6051797857,village,بنعفول,بنعفول,Bnaafoul,Bnaafoul,33.4834001,35.4212612
6051806670,village,خرطوم,خرطوم,Khartoum,Khartoum,33.4072599,35.3711184
6051817871,village,زيتا,زيتا,Zayta,Zeita,33.5047789,35.3927784
6069187779,town,الفنار,الفنار,Fanar,Fanar,33.8803602,35.5748183
6069187780,town,عين سعادة,عين سعادة,Ain Saadeh,Ain Saadeh,33.863347,35.5872012
6069187781,town,بياقوت,بياقوت,Biaqout,Biakout,33.8956245,35.583247
6069187782,village,مزهر,مزهر,Mezher,Mezher,33.9084274,35.5952947
6069187783,town,بصاليم,بصاليم,Bsalim,Bsalim,33.899265,35.6044683
6069189785,town,برمانا,برمانا,Broumana,Broumana,33.8829505,35.6323372
6088750995,village,قناريت,قناريت,Qennarit,Qennarit,33.5028189,35.3795222
6088763063,village,درب السيم,درب السيم,Darb Es Sim,Darb Es Sim,33.5374236,35.3840342
6088763429,village,حارة صيدا,حارة صيدا,Haret Saida,Haret Saida,33.556264,35.395574
6088766044,town,مغدوشة,مغدوشة,Maghdoucheh,Maghdoucheh,33.52016,35.386322
6088771708,village,العدوسية,العدوسية,Aaddoussiyeh,Aaddoussiyeh,33.4691968,35.3456888
6088772162,village,عقتنيت,عقتنيت,Aaqtanit,Aaqtanit,33.4890687,35.3806894
6088773842,village,عرب الجل,عرب الجل,Aarab Ej Jall,Aarab Ej Jall,33.4830374,35.4566541
6088776739,village,كفر ملكي,كفر ملكي,Kafr Maliki,Kfar Melki,33.5019243,35.4785343
6088783415,village,عين الدلب,عين الدلب,Ain Ed Delb,Ain Ed Delb,33.5416173,35.4050273
6088788854,village,البيسارية,البيسارية,Bissariyeh,Bissariyeh,33.4459391,35.3222513
6088789755,village,البرامية,البرامية,Bramiyeh,Bramiyeh,33.5739656,35.3921836
6088797587,village,السكسكية,السكسكية,Saksakiyeh,Saksakiyeh,33.4392479,35.283273
6090945083,town,الغازية,الغازية,Ghaziyeh,Ghaziyeh,33.5193876,35.372579
6090949535,village,المعمارية,المعمارية,Maamariyeh,Maamariyeh,33.4912936,35.3664259
6090951699,village,النجارية,النجارية,Najjariyeh,Najjariyeh,33.4733454,35.348608
6090954205,village,الزرارية,الزرارية,Zrariyeh,Zrariyeh,33.342066,35.3316898
6090955426,village,المية ومية,المية ومية,Miyeh w Miyeh,Miyeh w Miyeh,33.5430552,35.3973333
6090970285,village,خزيز,خزيز,Khzaiz,Khzaiz,33.4664178,35.4057575
6090973423,village,كفر شلال,كفر شلال,Kafr Shallal,Kfar Chellal,33.494055,35.4698891
6090973782,village,كفر بيت,كفر بيت,Kafr Bayt,Kfar Beit,33.496882,35.4627022
6090981118,village,الغسانية,الغسانية,Ghassaniyeh,Ghassaniyeh,33.4201425,35.3592927
6090985413,village,اللوبية,اللوبية,Loubieh,Loubieh,33.4273507,35.2852783
6091000287,village,زغدريا,زغدريا,Zeghdraiya,Zeghdraiya,33.5318283,35.3948496
6091001533,village,القرية,القرية,Qraiyeh,Qraiyeh,33.5375337,35.4181969
6091035076,village,ارزي,ارزي,Arzai,Arzai,33.333228,35.2986288
6091036318,village,مجدليون,مجدليون,Majdelyoun,Majdelyoun,33.5569079,35.4130265
6110718459,village,علمان الشوف,علمان الشوف,Aalmane,Aalmane,33.5879924,35.4069696
6110726738,village,كترمايا,كترمايا,Ketermaya,Ketermaya,33.6145446,35.447537
6110729426,village,كفرفاقود,كفرفاقود,Kfar Faqoud,Kfar Faqoud,33.7011876,35.5379574
6110731383,village,دير بابا,دير بابا,Deir Baba,Deir Baba,33.6959939,35.5247833
6110735764,village,بعاصير,بعاصير,Baassir,Baassir,33.6600515,35.4501725
6110740820,village,جدرا,جدرا,Jadra,Jadra,33.6345709,35.4074583
6110740965,village,حصروت,حصروت,Hasrout,Hasrout,33.626865,35.5366003
6110746424,village,دلهون,دلهون,Dalhoun,Dalhoun,33.6227583,35.4694831
6110752188,village,سرجبال,سرجبال,Sirjbal,Sirjbal,33.6845874,35.511795
6111461954,village,عرب طبايا,عرب طبايا,Tabbaya,Tabbaya,33.4878671,35.4413581
6117084633,village,بوارج,بوارج,Bouarej,Bouarej,33.818915,35.814371
6117089362,village,أبلح,أبلح,Ablah,Ablah,33.8715867,35.9639754
6117095305,village,جلالا,جلالا,Jalala,Jalala,33.8134999,35.858858
6117099237,village,تويتي,تويتي,Touayteh,Touayteh,33.8609123,35.8544117
6117100284,village,حزرتا,حزرتا,Hazerta,Hazerta,33.8806886,35.8665468
6117113361,village,رعيت,رعيت,Raait,Raait,33.8441969,36.033907
6117114982,village,دير الغزال,دير الغزال,Deir El Ghazal,Deir El Ghazal,33.8254876,36.0354696
6117120148,village,حي الفيكاني,حي الفيكاني,Hay El Fikani,Hay El Fikani,33.8474019,36.0266384
6125578362,village,دير دلوم,دير دلوم,Deir Dalloum,Deir Dalloum,34.5271813,36.0227694
6125586504,village,رمول,رمول,Rmoul,Rmoul,34.5722623,36.0134544
6125592443,village,الحيصة,الحيصة,El Haissa,El Haissa,34.5936548,36.0520554
6125596159,village,بزال,بزال,Bzal,Bzal,34.4685992,36.0409448
6125596938,village,البياضة,البياضة,El Bayada,El Bayada,34.5183067,35.9910279
6125603238,village,بريسات,بريسات,Brissat,Brissat,34.2407877,35.9411423
6125607812,town,بحمدون,بحمدون,Bhamdoun,Bhamdoun,33.8030684,35.6594457
6125610580,village,بسرين,بسرين,Bserrine,Bserrine,33.7579507,35.6367397
6125623568,village,شميس,شميس,Chemmis,Chemmis,33.6412577,35.4653683
6125626432,village,المسرب,المسرب,Al Masrab,El Masrab,33.6247606,35.4813166
6125636259,village,حميري,حميري,Humayri,Humairi,33.2958313,35.352135
6125638048,village,يارين,يارين,Yarine,Yarine,33.1062073,35.2328997
6127325447,village,حوش الغنم,حوش الغنم,Houch El Ghanam,Houch El Ghanam,33.8738269,36.0273522
6127326597,village,رياق,رياق,Rayaq,Rayak,33.8521999,36.0141912
6127329160,village,جديتا,جديتا,Jdita,Jdita,33.8242676,35.8340298
6127329928,village,مريجات,مريجات,Mrayjat,Mrayjat,33.8069826,35.8167828
6128134465,village,كفرسلوان,كفرسلوان,Kfar Selouan,Kfar Selouan,33.8559968,35.779905
6128138154,village,جوار الحوز,جوار الحوز,Jouar El Houz,Jouar El Houz,33.8617707,35.7592529
6128142598,village,الغابون,الغابون,Ghaboun,Ghaboun,33.7816024,35.5950518
6128143853,village,بيصور,بيصور,Baysour,Baysour,33.765236,35.5681005
6128153880,village,كفر متى,كفر متى,Kfar Matta,Kfar Matta,33.7252463,35.5291294
6128155136,village,عبيه,عبيه,Abey,Abey,33.7344251,35.524582
6128157935,village,دقون,دقون,Daqqoun,Daqqoun,33.7301057,35.5140676
6128166418,village,عين درافيل,عين درافيل,Ain Drafil,Ain Drafil,33.7478003,35.5080367
6128167715,village,بعورته,بعورته,Baaourta,Baaourta,33.7357978,35.5024712
6128177633,village,يرزة,يرزة,Yarzeh,Yarzeh,33.8309432,35.5550791
6128179621,village,بطرام,بطرام,Btorram,Btorram,34.3326342,35.8100487
6128186828,village,عين القش,عين القش,Ain El Qash,Ain El Qash,33.9232052,35.7017258
6128190807,village,بكفتين,بكفتين,Bkeftine,Bkeftine,34.3830384,35.8613399
6128191083,village,بدبا,بدبا,Bdebba,Bdebba,34.3467944,35.8199468
6128194032,village,دده,دده,Deddeh,Deddeh,34.3810411,35.8004998
6128196826,village,علما,علما,Aalma,Aalma,34.4250939,35.8954636
6128201008,village,بوسيط,بوسيط,Bousit,Bousit,34.4390034,35.9236996
6128204762,village,عدوة,عدوة,Aadoueh,Aadoueh,34.4505442,35.9861241
6128210028,village,ببنين,ببنين,Bebnine,Bebnine,34.4980863,35.9956699
6128210941,village,عماره,عماره,Aamara,Aamara,34.5319729,36.0098749
6128215524,village,الشيخ طابا,الشيخ طابا,Cheikh Taba,Cheikh Taba,34.5322161,36.0777253
6128221508,village,حبشيت,حبشيت,Habchit,Habchit,34.4672706,36.0908498
6128224495,village,جيرون,جيرون,Jayroun,Jayroun,34.430197,36.1083584
6128226604,village,حوارة,حوارة,Houara,Houara,34.4185516,36.0718819
6128227082,village,بيت جيدا,بيت جيدا,Beit Jida,Beit Jida,34.3950362,36.0104656
6128232984,village,عاصون,عاصون,Aassoun,Aassoun,34.3847553,36.0108881
6128233221,village,بقاع صفرين,بقاع صفرين,Bqaa Safrine,Bqaa Safrine,34.3759716,36.0240345
6128278995,hamlet,حامول,حامول,Hamoul,Hamoul,33.1258618,35.1666018
6128283523,village,شمع,شمع,Shama,Chama,33.1463109,35.2073115
6128287922,village,زبقين,زبقين,Zibqin,Zibqin,33.164381,35.2665378
6128290969,village,كونين,كونين,Kounine,Kounine,33.147916,35.4313657
6133706447,village,بقنايا,بقنايا,Bqennaya,Bqennaya,33.9030363,35.5888962
6133708093,village,الديشونية,الديشونية,Daychouniyeh,Daychouniyeh,33.8493429,35.5769997
6133709670,village,مجدل ترشيش,مجدل ترشيش,Majdel Tarshish,Majdel Tarchich,33.8933267,35.8006007
6133714366,village,رومية,رومية,Roumieh,Roumieh,33.8819808,35.6146332
6133716706,village,قنابة صاليما,قنابة صاليما,Qennabet Salima,Qennabet Salima,33.8858233,35.6927371
6133730562,village,خلة المتين,خلة المتين,Khallat Al Mutayn,Khallet El Mtain,33.8985533,35.7261513
6133734550,village,مار بطرس كرم التين,مار بطرس كرم التين,Mar Boutros Karm Et Tine,Mar Boutros Karm Et Tine,33.932324,35.6856164
6133790293,village,زغلة,زغلة,Zaghla,Zaghla,33.4042717,35.6922328
6148237950,village,بزيون,بزيون,Bazyoun,Bazyoun,34.0982235,35.7551888
6148245274,village,كفر مسحون,كفر مسحون,Kfar Masshoun,Kfar Masshoun,34.1470039,35.6714907
6148246897,village,كفون,كفون,Kfoun,Kfoun,34.1547869,35.7051545
6148264489,village,غرفين,غرفين,Ghorfine,Ghorfine,34.1532943,35.6636065
6148266339,village,حصرايل,حصرايل,Hosrayel,Hosrayel,34.1588722,35.6553421
6148268809,village,أدونيس,أدونيس,Adonis,Adonis,34.0805217,35.7372408
6148287490,village,بحديدات,بحديدات,Behdaydat,Behdaydat,34.1483452,35.7070789
6148332038,village,هابيل,هابيل,Habil,Habil,34.1490302,35.7398805
6148368096,village,ترتج,ترتج,Tartij,Tartij,34.1836459,35.8211701
6148373163,village,مزارب,مزارب,Mzarib,Mzarib,34.0797515,35.8792788
6175567349,locality,بالوع بلعا,,Baloue Balaa,,34.1746382,35.8703099
6182405600,village,عبيدات,عبيدات,Aabaydat,Aabaydat,34.1641348,35.7270152
6182406062,village,بلاط,بلاط,Blat,Blat,34.1150293,35.6680724
6182408795,village,كفر كده,كفر كده,Kfar Kiddeh,Kfar Kiddeh,34.2011963,35.6524994
6182415586,village,علمات الشمالية,علمات الشمالية,Aalmat Ech Chmaliyeh,Aalmat Ech Chmaliyeh,34.1096821,35.7782833
6182415589,village,علمات الجنوبية,علمات الجنوبية,Aalmat Ej Jnoubiyeh,Aalmat Ej Jnoubiyeh,34.0999167,35.7819297
6182417436,village,مشمش جبيل,,Mechmech,MechMech Jbeil,34.1439604,35.7808651
6182421348,village,حصون,حصون,Hsoun,Hsoun,34.0923069,35.7370434
6182425611,village,الفيدار,الفيدار,Fidar,Fidar,34.0984527,35.6585786
6182429183,village,فرحت,فرحت,Ferhet,Ferhet,34.1003296,35.762289
6182436482,village,فتري,فتري,Fatreh,Fatreh,34.0871764,35.708629
6182470574,village,سرعيتا,سرعيتا,Seraaita,Seraaita,34.0830366,35.8661783
6182472588,village,صوانة,صوانة,Souaneh,Souaneh,34.0933333,35.7749202
6182474730,village,دملصا,دملصا,Dmalsa,Dmalsa,34.149441,35.6825008
6186678346,village,كفر شلان,كفر شلان,Kfar Chellan,Kfar Chellan,34.4260317,35.981852
6186678754,village,طاران,طاران,Taran,Taran,34.4065902,36.0311721
6186678939,village,القطين,القطين,Qattine,Qattine,34.3921839,36.0264571
6186685014,village,مرياطا,مرياطا,Miryata,Miriata,34.4111749,35.928129
6186691953,village,بيت حسان,بيت حسان,Beit Hassan,Beit Hassan,34.3852224,35.9593308
6186697311,village,مزيارة,مزيارة,Miziara,Miziara,34.3322075,35.9317002
6186701075,village,بشرناطا,بشرناطا,Bchernata,Bchernata,34.3433355,35.9865151
6186701225,village,بان,بان,Bane,Bâne,34.2764158,35.9561993
6186701874,village,صخرة,صخرة,Sakhra,Sakhra,34.3606036,35.9205023
6186706456,village,حوراتا البترون,حوراتا البترون,Hurata,Hourata el Batroun,34.1881374,35.9327066
6186707247,village,بينو,بينو,Beino,Beino,34.5384456,36.1810249
6188199546,village,طورزيا,طورزيا,Tourzaiya,Tourzaiya,34.1098811,35.7590821
6188203188,village,مشان,مشان,Mchane,Mchane,34.0826346,35.7512953
6188204441,village,قرقريا,قرقريا,Qorqraiya,Qorqraiya,34.0733039,35.8177884
6188220655,village,المغيرة,المغيرة,Mghayreh,Mghayreh,34.09772,35.8733746
6188244107,village,جنة,جنة,Janneh,Janneh,34.079332,35.8280536
6188247647,village,عين جرين,عين جرين,Ain Jrain,Ain Jrain,34.085,35.7618177
6188252224,village,كفر,كفر,Kafr,Kafr,34.1533036,35.6987791
6188269906,hamlet,مار سركيس,مار سركيس,Mar Sarkis,Mar Sarkis,34.0974848,35.8564694
6188279209,village,ميفوق,ميفوق,Mayfouq,Maifouk,34.1816447,35.7783994
6188295940,village,سقي رشميا,سقي رشميا,Saqi Richmaya,Saqi Richmaya,34.1587078,35.7883778
6188295954,village,جاج,جاج,Jaj,Jaj,34.1642932,35.8060308
6188338712,village,مراح السريج,مراح السريج,Mrah El Sreij,Mrah El Sreij,34.420101,35.9955275
6190676266,village,زان,زان,Zane,Zane,34.2239721,35.7556438
6190677845,village,حربونا,حربونا,Harbouna,Harbouna,34.2401798,35.7460541
6190677941,village,صورات,صورات,Sourat,Sourat,34.2363806,35.7585068
6190678981,village,راشكيدا,راشكيدا,Rachkida,Rachkida,34.2637569,35.7154904
6190681168,village,كفرحتنا,كفرحتنا,Kfar Hatna,Kfar Hatna,34.2310693,35.7463999
6196726132,village,عبدللي,عبدللي,Aabdelli,Aabdelli,34.2063556,35.7214914
6196728656,village,سمار جبيل,سمار جبيل,Smar Jbeil,Smar Jbeil,34.2192243,35.6865622
6196731929,village,جربتا,جربتا,Jrabta,Jrabta,34.2018591,35.7091096
6196732450,village,صغار,صغار,Sghar,Sghar,34.2009771,35.695133
6196733003,village,راشانا,راشانا,Rachana,Rachana,34.2152032,35.6739655
6196733390,village,غوما,غوما,Ghouma,Ghouma,34.2141694,35.6930424
6196737631,village,كبَا,كبَا,Kouba,Kouba,34.2717501,35.6634637
6196738006,village,مراح شديد,مراح شديد,Mrah Chdid,Mrah Chdid,34.2258009,35.6892483
6196738007,village,هري,هري,Heri,Heri,34.3055472,35.7129971
6196739957,village,عبرين,عبرين,Aabrine,Aabrine,34.252762,35.7057228
6196747755,village,كور,كور,Kour,Kour,34.2381032,35.7365826
6196750229,village,بجدرفل,بجدرفل,Bijdarfil,Bijdarfil,34.2441082,35.7162106
6196763585,village,كفر حي,كفر حي,Kfar Hay,Kfar Hay,34.2495544,35.7431939
6196771154,village,حدتون,حدتون,Hadtoun,Hadtoun,34.1945971,35.7985525
6196773105,village,فتاحات,فتاحات,Ftahat,Ftahat,34.2309157,35.7600677
6206500995,village,علالي,علالي,Aalali,Aalali,34.2044457,35.7726793
6206501837,village,جران,جران,Jrane,Jrâne,34.2238664,35.7061595
6206503430,village,كفر شليمان,كفر شليمان,Kfar Shlaimane,Kfar Chlaimane,34.231797,35.7753944
6206508762,village,بقسميا,بقسميا,Boqsmaiya,Boqsmaiya,34.2511722,35.7656352
6206513748,village,مار ماما,مار ماما,Mar Mama,Mar Mama,34.1882079,35.7591353
6206520326,village,دوق,دوق,Douq,Douq,34.1956242,35.7469578
6206520382,village,شبطين,شبطين,Chabtine,Chabtine,34.2115669,35.7498327
6206526502,village,دريا,دريا,Derya,Derya,34.2183664,35.7247815
6206533388,village,مسرح,مسرح,Masrah,Masrah,34.1864058,35.7392282
6206543178,village,ضهر ابي ياغي,ضهر ابي ياغي,Dahr Abi Yaghi,Dahr Abi Yaghi,34.1898672,35.7283329
6206559130,village,الرام,الرام,Ram,Ram,34.183856,35.7990689
6206579685,village,حردين,حردين,Hardine,Hardine,34.2351368,35.857964
6206579740,village,كفور العربي,كفور العربي,Kfour El Aarbi,Kfour El Aarbi,34.2239338,35.8659391
6217417614,village,شيخان,شيخان,Chikhane,Chikhane,34.1736096,35.6571242
6217422966,village,بيت حبّاق,بيت حبّاق,Beit Habbaq,Beit Habbaq,34.163684,35.7068837
6217426643,village,شامات,شامات,Chamate,Chamate,34.165669,35.6984212
6217436267,village,كفر بعال,كفر بعال,Kfar Baal,Kfar Baal,34.1117862,35.7472011
6217436429,village,جليسة,جليسة,Jlisseh,Jlisseh,34.1160872,35.6910188
6217439588,village,مزرعة السياد,مزرعة السياد,Mazraat Es Siyad,Mazraat Es Siyad,34.1060843,35.8612529
6217442039,village,راموط,راموط,Ramoute,Ramoute,34.1674689,35.7104546
6217457427,village,عين كفاع,عين كفاع,Ain Kfaa,Ain Kfaa,34.1896389,35.695058
6217467281,village,بنتاعل,بنتاعل,Bentael,Bentael,34.1463177,35.6926866
6217476102,village,فراط,فراط,Frat,Frat,34.0876844,35.7893853
6217476185,village,هدينة,هدينة,Hdayneh,Hdayneh,34.0915242,35.8684092
6217480848,village,بشتليدا,بشتليدا,Bichtlida,Bichtlida,34.1315836,35.7234047
6217483689,village,فغال,فغال,Fghal,Fghal,34.2061516,35.6754234
6221739806,village,مراح الحباس,مراح الحباس,Mrah El Hbas,Mrah El Hbas,33.5487013,35.4638452
6221743646,village,مزرعة الضهر,مزرعة الضهر,Mazraat Ad Dahr,Mazraat El Dahr,33.59519,35.515862
6221755187,village,الطيري,الطيري,At Tiri,At Tiri,33.1423067,35.4028739
6221784178,village,الوردانية,الوردانية,Wardaniyeh,Wardaniyeh,33.6115733,35.4344067
6221806678,village,كفر زينا,كفر زينا,Kfar Zaina,Kfar Zaina,34.3662231,35.8804492
6221809916,village,مشحا,مشحا,Machha,Machha,34.5386402,36.1148277
6221843725,village,قصير,قصير,Qusayr,Qusayr,34.6058319,36.2388991
6221844698,village,رماح,رماح,Rimah,Rimah,34.6202044,36.264037
6221846168,village,بكا,بكا,Bakka,Bakka,33.5925423,35.9246327
6221846252,village,عين عرب,عين عرب,Ain Arab,Ain Arab,33.5761837,35.8740637
6221854898,village,كفر دنيس,كفر دنيس,Kfar Danis,Kfar Danis,33.5483739,35.851375
6221860531,village,خربة روحا,خربة روحا,Kherbet Rouha,Kherbet Rouha,33.5725754,35.8530816
6221866151,village,الرفيد,الرفيد,Rafid,Rafid,33.5723733,35.8150814
6222587391,village,شيحين,شيحين,Shihin,Chihine,33.1276516,35.2588714
6222588521,village,طورا,طورا,Toura,Toura,33.2932087,35.2970125
6222589665,village,معركة,معركة,Maarakeh,Maarakeh,33.2731662,35.3104644
6222590893,village,برج رحال,برج رحال,Burj Rahhal,Bourj Rahal,33.3109467,35.2798644
6222591713,village,دير عامص,دير عامص,Deir Aames,Deir Aames,33.1976643,35.3377646
6222596885,village,برتي,برتي,Barti,Barti,33.5203605,35.4837291
6222599606,village,جرجوع,جرجوع,Jarjouaa,Jarjouaa,33.4456121,35.5166044
6222603409,village,البرجين,البرجين,Borjein,Borjein,33.657156,35.4841866
6222608783,village,بقرزلا,بقرزلا,Bqerzala,Bqerzala,34.5100508,36.0561199
6223791741,village,بتبيات,بتبيات,Btebyat,Btebyat,33.8343161,35.7066815
6223792861,village,دير الحرف,دير الحرف,Deir El Harf,Deir El Harf,33.8491166,35.687326
6223793727,village,وادي الدلم,وادي الدلم,Wadi El Doum,Wadi El Doum,33.7947347,35.8129429
6223799107,village,فريديس,فريديس,Fraidis,Fraidis,33.7109644,35.6773782
6223802394,village,مجدل بعنا,مجدل بعنا,Majdal Baana,Majdal Baana,33.7776188,35.6716192
6223803269,village,شاناي,شاناي,Shanay,Chanay,33.7877069,35.6595227
6235017255,village,بزبدين,بزبدين,Bzebdine,Bzebdine,33.8708016,35.7338676
6235024785,village,دير خونا,دير خونا,Deir Khouna,Deir Khouna,33.8317966,35.6651556
6235025744,village,شويت,شويت,Chouit,Chouit,33.8298157,35.6074091
6235042252,village,القلعة,القلعة,Al Qalaa,Al Qalaa,33.8416445,35.7270347
6235049908,village,لويزة,لويزة,Luwayza,Louaizé,33.8379522,35.5654397
6235050285,village,الفياضية,الفياضية,Al Fayyadiya,Fayadiyeh,33.8482671,35.5507912
6235056124,village,مرداشة,مرداشة,Mirdasha,Mirdasha,33.8230579,35.5419885
6235056334,village,دليبة,دليبة,Dulayba,Dlaybeh,33.8792966,35.6879078
6236927682,village,بطشاي,بطشاي,Butshay,Boutchay,33.8258757,35.5441136
6236929839,village,عاريا,عاريا,Aaraiya,Aaraiya,33.8291148,35.5893126
6236930759,village,بعلشميه,بعلشميه,Baalchmay,Baalchmâyé,33.8153353,35.6445858
6236933916,village,عين موفق,عين موفق,Ain Mouaffaq,Ain Mouaffaq,33.822478,35.6516954
6236944659,village,جورة أرصون,جورة أرصون,Jouret Arsoun,Jouret Arsoun,33.8511916,35.7098604
6236972960,village,ضهر العقلين,ضهر العقلين,Dahr El Aaqline,Dahr El Aaqline,33.6809756,35.4736903
6236982823,village,حميلة,حميلة,Hmaileh,Hmaileh,33.4488759,35.4676559
6236983178,village,صربا,صربا,Sarba,Sarba,33.4669747,35.4746137
6236986393,village,زفتا,زفتا,Zefta,Zefta,33.4455407,35.401723
6237094761,village,بدياس,بدياس,Bidyas,Bidyas,33.3123314,35.3001926
6237096974,village,أنصار,أنصار,Insar,Insar,33.3795518,35.3552671
6238498977,village,القصر,القصر,Qasr,Qasr,34.4788613,36.4404917
6245606021,village,رمحالا,رمحالا,Rimhala,Rimhala,33.7418143,35.5635949
6245606889,village,عين تراز,عين تراز,Ain Trez,Ain Trez,33.7348352,35.5831262
6245627498,village,كيفون,كيفون,Keyfoun,Keyfoun,33.7784558,35.5594447
6245635906,village,دير قوبل,دير قوبل,Deir Qoubel,Deir Qoubel,33.7936434,35.5144572
6245636383,village,بليبل,بليبل,Blaybel,Blaybel,33.8084049,35.5509189
6245638016,village,حومال,حومال,Houmal,Houmal,33.8105057,35.5581118
6245643403,village,بخشتيه,بخشتيه,Bkhichtay,Bkhichtay,33.7974375,35.62189
6245653520,village,سرحمول,سرحمول,Sarhmoul,Sarhmoul,33.7712275,35.5309374
6245654288,village,بساتين,بساتين,Bsatine,Bsatine,33.7554835,35.5263996
6245657789,village,عين كسور,عين كسور,Ain Ksour,Ain Ksour,33.747967,35.5334664
6255625353,village,قناة باكيش,قناة باكيش,Qanat Bakish,Qanat Bakish,33.9625829,35.8200002
6256667890,village,دارين,دارين,Darine,Darine,34.6049278,36.1101923
6256668093,village,سعدين,سعدين,Saadine,Saadine,34.5969121,36.0930404
6256668246,village,سرار,سرار,Srar,Srar,34.615302,36.1324217
6256668825,village,دغلة,دغلة,Daghla,Daghleh,34.580397,36.2093125
6256676506,village,كفر نون,كفر نون,Kafr Nun,Kafr Nun,34.6244585,36.2534843
6256684643,village,حرار,حرار,Hrar,Hrar,34.4571767,36.1221802
6256699087,village,مجدلا,مجدلا,Majdala,Majdala,34.4982436,36.0367433
6256699181,village,كرم زبدين,كرم زبدين,Karm Zabdin,Karm Zabdin,34.6188466,36.3576269
6256716924,village,عيدمون,عيدمون,Aydamun,Aydamun,34.5986374,36.2860096
6260871138,village,القنطرة,القنطرة,Qantara,Qantara,34.5183939,36.0701179
6260871337,village,مزرعة بلده,مزرعة بلده,Mazraat Baldeh,Mazraat Baldeh,34.5624019,36.1433489
6260871976,village,عدبل,عدبل,Aadbil,Aadbil,34.5349431,36.0965333
6260873516,village,حيزوق,حيزوق,Hayzouq,Hayzouq,34.5492642,36.1312552
6260876417,village,نورة التحتى,نورة التحتى,Nurat at-Tahta,Nurat at-Tahta,34.626581,36.185501
6260876622,village,كواشرة,كواشرة,Kawashra,Kawashra,34.6118886,36.2056601
6260877068,village,نورة الفوقى,نورة الفوقى,Nurat Al Fauqa,Noura El Faouqa,34.6204272,36.185203
6260883162,village,جديدة القيطع,جديدة القيطع,Jdaidet El Qayteaa,Jdaidet El Qayteaa,34.4645009,36.0111477
6270270138,village,مقيطع,مقيطع,Mqayteaa,Mqayteaa,34.5579809,35.9956759
6270275115,village,مسعوديه,مسعوديه,Massaaoudiyeh,Massaaoudiyeh,34.6054298,36.0483197
6270277283,village,تل حميرة,تل حميرة,Tall Humayra,Tall Humayra,34.6262502,36.0721299
6270280493,village,العبودية,العبودية,Al Abbudiyya,Aabboudiyeh,34.6364359,36.117732
6270281805,village,كويخات,كويخات,Koueikhat,Koueikhat,34.580241,36.0911099
6270282716,village,كروم عرب,كروم عرب,Kroum Aarab,Kroum Aarab,34.5551215,36.0917367
6270285617,village,عرقا,عرقا,Aarqa,Aarqa,34.5303889,36.0371463
6270291726,village,مار توما,مار توما,Mar Touma,Mar Touma,34.5114251,36.0277711
6270298927,village,سيسوق,سيسوق,Sayssouq,Sayssouq,34.4895251,36.0522845
6270301473,village,برقايل,برقايل,Berqayel,Berqayel,34.476767,36.0329149
6270301747,village,ريحانيه,ريحانيه,Rihaniyeh,Rihaniyeh,34.4924852,35.9791369
6270301751,village,العرمة,العرمة,Aarmeh,Aarmeh,34.6297341,36.1622004
6270304002,village,قشلق,قشلق,Qochloq,Qochloq,34.6175702,36.1551
6270304167,village,جانين,جانين,Janine,Janine,34.629269,36.1475265
6270310251,village,ذوق الحبالصة,ذوق الحبالصة,Zouq El Hbalsa,Zouq El Hbalsa,34.5171569,36.0368212
6270311352,village,ذوق حدارة,ذوق حدارة,Zouq Haddara,Zouq Haddara,34.5155221,36.0301988
6270312390,village,ذوق المقشرين,ذوق المقشرين,Zouq El Moqachrine,Zouq El Moqachrine,34.519725,36.0287111
6270318246,village,هيتلا,هيتلا,Haytla,Haytla,34.601986,36.1340208
6270329192,village,دوسة بغدادي,دوسة بغدادي,Baghdadi,Baghdadi,34.6020932,36.1880812
6274504727,town,عماطور,عماطور,Ammatour,Ammatour,33.6427692,35.6083217
6278799031,village,مرج السماح,مرج السماح,Marj Al Samah,Marj Al Samah,33.5067272,35.7953668
6309117092,village,جبال البطم,جبال البطم,Jbal El Botm,Jbal El Botm,33.1765919,35.291053
6309121266,village,طير فلسيه,طير فلسيه,Tayr Falsay,Tayr Falsay,33.3088321,35.3459948
6309133889,village,القليلة,القليلة,Qlaileh,Qlaileh,33.1964091,35.2294152
6309135887,village,الحنية,الحنية,Al Haniyya,Al Haniyeh,33.186152,35.223133
6309140873,village,باريش,باريش,Barish,Barich,33.2740228,35.3506735
6309142183,village,مجدل زون,مجدل زون,Majdal Zun,Majdal Zun,33.1503227,35.2260287
6309143347,village,الشهابية,الشهابية,Chehabiyeh,Chehabiyeh,33.2433333,35.3830695
6309143598,village,شبريحا,شبريحا,Shabriha,Chabriha,33.2921017,35.2319902
6309146463,village,أرزون,أرزون,Arzoun,Arzoun,33.2805986,35.3778814
6313912577,village,المنصوري,المنصوري,Al Mansuri,Al Mansuri,33.1736531,35.2110878
6313938979,village,سلعا,سلعا,Selaa,Selaa,33.253834,35.3833585
6313939091,village,جويا,جويا,Jouaiya,Jouaiya,33.2376779,35.3378121
6313940365,village,معروب,معروب,Maaroub,Maaroub,33.2843009,35.3467306
6313974408,village,عين أبو عبد الله,عين أبو عبد الله,Ain Abou Abdallah,Ain Abou Abdallah,33.315624,35.2586144
6313979980,town,العباسية,العباسية,Al Aabbasiyya,Aabbassiyeh,33.2971048,35.2830699
6313992987,village,محرونة,محرونة,Mahrouna,Mahrouna,33.2187125,35.3426715
6313995404,village,مزرعة مشرف,مزرعة مشرف,Mazraat El Mechref,Mazraat El Mechref,33.209287,35.3360583
6313997525,village,البياض,البياض,Biyad,Biyad,33.2053492,35.3265168
6313999728,village,رشكنانية,رشكنانية,Recheknanay,Recheknanay,33.1893448,35.3222825
6313999729,village,صديقين,صديقين,Saddiqine,Saddiqine,33.1886984,35.3092076
6326284509,village,علما الشعب,علما الشعب,Alma ash Shab,Alma ach Chab,33.1040468,35.1785394
6326290636,village,عين بعال,عين بعال,Ain Baal,Ain Baal,33.2329637,35.2663966
6326292051,village,بافلية,بافلية,Baflay,Baflay,33.2631735,35.3656431
6326320056,village,باتوليه,باتوليه,Batoulay,Batoulay,33.2250197,35.2573463
6326359682,village,دردغيا,دردغيا,Derdghaya,Derdghaya,33.2801891,35.3702877
6326360839,village,دير كيفا,دير كيفا,Deir Kifa,Deir Kifa,33.2572715,35.398605
6329606679,village,تعلبايا,تعلبايا,Taalbaiya,Taalbaiya,33.8172909,35.8676904
6329802199,village,حامات,حامات,Hamat,Hamat,34.2848097,35.6921537
6329802680,village,راس نحاش,راس نحاش,Ras Nhach,Ras Nhach,34.2807176,35.7200257
6332796737,village,بستان,بستان,Boustane,Boustane,33.1009901,35.2547904
6332796794,village,الشعيتية,الشعيتية,Shaaitiyeh,Chaaitiyeh,33.1962704,35.2648422
6332805330,village,دير قانون رأس العين,دير قانون رأس العين,Deir Qanoun El Ain,Deir Qanoun El Ain,33.2222248,35.2434238
6332812977,village,طير دبا,طير دبا,Tayr Debba,Tayr Debba,33.2740834,35.277221
6332818509,village,شحور,شحور,Shehour,Chehour,33.2989197,35.3699452
6332819641,village,صريفا,صريفا,Srifa,Srifa,33.2825105,35.3992192
6332820288,village,النفاخية,النفاخية,Naffakhiyeh,Naffakhiyeh,33.270975,35.3865354
6332827937,village,المجادل,المجادل,Mjadel,Mjadel,33.2286247,35.3589702
6337692471,town,برج الشمالي,برج الشمالي,Burj Al Shamali,Burj Al Shamali,33.2615583,35.2368296
6337698295,village,دير قانون النهر,دير قانون النهر,Dayr Qanun An Nahr,Dair Qanun An Nahr,33.2992997,35.3112304
6337702787,village,جناتا,جناتا,Jinnata,Jinnata,33.2860677,35.3202126
6337704617,village,الجبين,الجبين,Jibbain,Jibbain,33.1221372,35.2352942
6337707963,village,طير حرفا,طير حرفا,Tayr Harfa,Tair Harfa,33.1266862,35.2191307
6344016066,village,رشاف,رشاف,Rashaf,Rachaf,33.1439891,35.3645383
6344016918,village,دبل,دبل,Dibil,Dibil,33.1219944,35.3663716
6344016924,town,بيت ليف,بيت ليف,Bayt Lif,Bait Lif,33.1342547,35.332982
6344016925,neighbourhood,الغربية,الغربية,Al Gharbiyya,El Gharbiye,33.1350734,35.3299718
6344016962,village,أم توتة,أم توتة,Umm Tuta,Umm Tuta,33.1126914,35.2550238
6344016963,village,مزرعة الزلوطية,مزرعة الزلوطية,Mazraat az Zallutiyya,Mazraat az Zallutiyya,33.1116597,35.2466957
6344226273,hamlet,رأس المصري,رأس المصري,Ras el Masri,Ras el Masri,33.1139341,35.1716986
6344226275,hamlet,لبونة,لبونة,Labbouneh,Labbouneh,33.0933145,35.1486833
6344226276,village,الشومرة,الشومرة,Ash Shumara,Ech Choumara,33.1191639,35.142372
6344226277,village,المطمورة,المطمورة,Al Matmura,El Matmoura,33.1076106,35.2174777
6344226694,hamlet,ججيم,ججيم,Jijim,Jijim,33.123234,35.1930378
6344226732,hamlet,مزرعة دير حنا,مزرعة دير حنا,Mazraat Dayr Hanna,Mazraat Dair Hanna,33.1585134,35.1784678
6344226770,hamlet,مزرعة أم الرب,مزرعة أم الرب,Mazraat Umm ar-Rubb,Mazraat Umm ar-Rubb,33.14207,35.1732568
6344226771,hamlet,إسكندرونة,إسكندرونة,Iskandaruna,Iskandaruna,33.1524913,35.1724367
6352445796,village,خربة قنفار,خربة قنفار,Khirbat Qanafar,Khirbat Qanafar,33.6390912,35.7192692
6373806175,village,قنافذ,قنافذ,Qanafez,Qanafez,34.4865236,36.4071151
6373806253,village,شربين,شربين,Sharbine,Charbine,34.4583724,36.3595789
6373807559,village,كواخ,كواخ,Kouakh,Kouakh,34.4670804,36.3906137
6373814454,village,حميرة,حميرة,Hmaireh,Hmaireh,34.4962776,36.3299943
6373817140,village,جوار الحشيش,جوار الحشيش,Jouar El Hachich,Jouar El Hachich,34.4866874,36.3261201
6373818461,village,حريقة,حريقة,Hariqa,Hariqa,34.4882072,36.3789753
6373824096,village,فيسان,فيسان,Fissane,Fissane,34.4753585,36.3471115
6373824117,village,مراح العين,مراح العين,Mrah El Ain,Mrah El Ain,34.4706871,36.3359679
6379444365,village,المحمرة,المحمرة,Mhamra,Mhamra,34.5044192,35.9646034
6382105217,village,العبده,العبده,Aabdeh,Aabdeh,34.5126756,35.9724488
6382105959,village,بيت ايوب,بيت ايوب,Beit Ayoub,Beit Ayoub,34.472866,36.1597168
6382106856,village,قبة شمرا,قبة شمرا,Qoubbet Chamra,Qoubbet Chamra,34.5432959,36.0063925
6382107783,village,سمونيه,سمونيه,Sammouniyeh,Sammouniyeh,34.5757453,36.0496208
6382115522,village,القريات,القريات,Qraiyat,Qraiyat,34.4807691,36.1538644
6382115736,village,رحبه,رحبه,Rahbeh,Rahbeh,34.5050703,36.14671
6382117566,village,مشمش,مشمش,Mechmech,Mechmech,34.471321,36.1708814
6382120371,village,فنيدق,فنيدق,Fnaydeq,Fnaydeq,34.475711,36.1830494
6382122037,village,عيات,عيات,Aaiyat,Aaiyat,34.5348542,36.1970058
6382122933,village,عين يعقوب,عين يعقوب,Ain Yaaqoub,Ain Yaaqoub,34.5222859,36.1969322
6382123087,village,بزبينا,بزبينا,Bezbina,Bezbina,34.5174664,36.1906027
6383185441,village,كفر صير,كفر صير,Kfar Sir,Kfar Sir,33.3259445,35.3999629
6383368493,town,شحيم,شحيم,Shahim,Chehime,33.6241914,35.4845993
6383371971,village,جون,جون,Joun,Joun,33.5800766,35.4563419
6383373626,village,مزبود,مزبود,Mazboud,Mazboud,33.6088808,35.4825035
6384655520,village,دير عمار,دير عمار,Deir Amar,Deir Amar,34.4619716,35.8993904
6430586808,village,حيلان,حيلان,Hilane,Hilane,34.4268946,35.9586382
6430603679,village,مركبتا,مركبتا,Markabta,Markabta,34.4531563,35.9661698
6430616902,village,بيت عوكر,بيت عوكر,Beit Aaoukar,Beit Aaoukar,34.4329298,35.9168386
6430647311,village,سير الضنية,سير الضنية,Sir Ed Danniyeh,Sir Ed Danniyeh,34.3842283,36.027292
6431812583,village,اصنون,اصنون,Asnoun,Asnoun,34.3870534,35.8876522
6431814110,village,أردة,أردة,Ardeh,Ardeh,34.4085869,35.9149186
6431815244,village,كفر دلاقوس,كفر دلاقوس,Kfar Dlaqous,Kfar Dlaqous,34.392701,35.9055039
6431822438,village,حارة الفوار,حارة الفوار,Haret El Faouar,Haret El Faouar,34.4323197,35.8880609
6431826609,village,عشاش,عشاش,Aachach,Aachach,34.4119324,35.9345985
6431827071,village,القادرية,القادرية,Qadriyeh,Qadriyeh,34.4138678,35.9239841
6431828121,village,بسبعل,بسبعل,Bsebaal,Bsebaal,34.3531384,35.875987
6431831888,village,كفر ياشيت,كفر ياشيت,Kfar Yachit,Kfar Yachit,34.346637,35.8939183
6431832485,village,كفر صغاب,كفر صغاب,Kfar Sghab,Kfar Sghab,34.3382258,35.9037674
6431832617,village,عرجس,عرجس,Aarjes,Aarjes,34.3325833,35.882533
6431836560,village,بنشعي,بنشعي,Bneshaai,Bneshaai,34.3316561,35.8950413
6431837501,village,سبعل,سبعل,Sebaal,Sebaal,34.3118266,35.9085227
6432986717,village,أيطو,أيطو,Aitou,Aïtou,34.307335,35.9212418
6432989620,village,عربة قزحيا,عربة قزحيا,Aarbet Qouzhaiya,Aarbet Qouzhaïya,34.2929515,35.9277167
6432991737,village,أصلوت,أصلوت,Aslout,Aslout,34.3254177,35.9620084
6432991752,village,سرعيل,سرعيل,Seraal,Seraal,34.2906486,35.9119913
6432995194,village,مزرعة النهر,مزرعة النهر,Mazraat En Nahr,Mazraat El Nahr,34.2841096,35.9172553
6432996694,village,كفر حورا,كفر حورا,Kfar Haoura,Kfar Haoura,34.3729293,35.8691352
6432997953,village,بشنين,بشنين,Bchannine,Bchannine,34.3486436,35.8595121
6432997997,village,كفر شخنا,كفر شخنا,Kfar Chakhna,Kfar Chakhna,34.3633772,35.8648589
6433005958,village,كفر حاتا,كفر حاتا,Kfar Hata,Kfar Hata,34.3816098,35.9030272
6433006306,village,إيعال,إيعال,Iaal,Iaal,34.3587081,35.9137148
6433028174,village,مجدليا,مجدليا,Mejdlaiya,Mejdlaiya,34.4143167,35.8676994
6434590883,village,اجبع,اجبع,Ejbaa,Ejbeh,34.3093248,35.9420875
6434594423,village,بيت عبيد,بيت عبيد,Beit Aabeid,Beit Aabeid,34.4303863,35.9212356
6434603350,village,رشعين,رشعين,Rachaaine,Rachaaine,34.3961298,35.9210524
6434606390,village,حرف - مزيارة,حرف - مزيارة,Harf Miziara,Harf Miziara,34.33291,35.9423266
6434608490,village,حميص,حميص,Hmaiss,Hmaiss,34.3299405,35.9350676
6434608505,village,مزرعة التفاح,مزرعة التفاح,Mazraat Et Teffah,Mazraat Et Teffah,34.3215663,35.9494276
6452190034,village,الدامور,الدامور,Damour,Damour,33.7307565,35.455482
6456404999,village,بحيرة تولا,بحيرة تولا,Buhairet Toula,Buhairet Toula,34.3238033,35.9690207
6456405000,village,السواقي,السواقي,Sawaqi,Sawaqi,34.3308138,36.0115909
6468739470,village,عين جرفا,عين جرفا,Ayn Jarfa,Ayn Jarfa,33.3840943,35.6854279
6468824021,village,شير حميرين,شير حميرين,Shir Humayrin,Shir Humayrin,34.6190529,36.1167262
6478142685,village,بخعون,بخعون,Bakhaoun,Bakhaoun,34.4131537,36.0114356
6480503041,village,عيمر,عيمر,Aaimar,Aaimar,34.3479581,35.9661888
6480506742,village,ضريرة,ضريرة,Draira,Draira,34.3602359,35.9942999
6480511938,village,نفيسه,نفيسه,Nfayseh,Nfaisseh,34.5465307,36.0857409
6480515786,village,الشيخ محمد,الشيخ محمد,Cheikh Mohammad,Cheikh Mohammad,34.5509144,36.0833476
6480653159,village,نخلة,نخلة,Nakhleh,Nakhleh,34.3653321,35.8271235
6480653969,village,بترومين,بترومين,Batroumine,Batroumine,34.3658285,35.8106243
6480660127,village,بشمزين,بشمزين,Bechmizzine,Bechmizzine,34.3200499,35.7960528
6480662546,village,بتوراتيج,بتوراتيج,Btouratij,Btouratij,34.3615819,35.8390246
6489727877,hamlet,السياحة,السياحة,As Siyaha,,33.1794808,35.2091218
6489862199,village,معشوق,معشوق,Maachouq,Maachoûq,33.267075,35.224205
6496311723,village,الكفور,الكفور,Kfour,Kfour,33.3983237,35.4517936
6496311724,village,تول,تول,Toul,Toul,33.3895063,35.4445962
6496331585,village,شوكين,شوكين,Shoukine,Choukine,33.3529729,35.4621667
6496343542,village,جبشيت,جبشيت,Jibchit,Jibchit,33.364832,35.4276104
6496343543,village,الدوير,الدوير,Doueir,Doueir,33.3880921,35.419919
6501997133,village,بيت شاما,بيت شاما,Beit Shama,Beit Chama,33.9216471,36.0281194
6502098742,village,تل الأخضر,تل الأخضر,Tal El Akhdar,Tal El Akhdar,33.7342751,35.8264439
6502146601,village,تل ذنوب,تل ذنوب,Tall Znoub,Tall Znoub,33.6618174,35.7786676
6502776450,village,دير طحنيش,دير طحنيش,Dayr Tahnish,Deir Tahnich,33.7012962,35.7586834
6502779885,village,عانا,عانا,Aana,Aana,33.6921317,35.7566323
6504119239,village,تولين,تولين,Touline,Touline,33.2481955,35.4434689
6504121584,village,طويري,طويري,Touairi,Touairi,33.2731133,35.4226712
6504121590,village,قبريخا,قبريخا,Qabrikha,Kabrika,33.2463365,35.4633638
6504680383,village,شمسطار,شمسطار,Shmestar,Chmestar,33.9650871,36.0171075
6504680384,neighbourhood,النبي سامي,النبي سامي,,,33.9620923,36.016683
6504821769,village,يحمر,يحمر,Yohmor,Yohmor,33.4867517,35.672858
6504822791,village,لبايا,لبايا,Libbaya,Libbaya,33.4813909,35.7234029
6505733716,village,مزرعة دير العشاير,مزرعة دير العشاير,Mazraat Deir El Aachayer,Mazraat Deïr el Aachâyer,33.5767009,36.0099025
6505733730,village,حلوة,حلوة,Helweh,Haloua,33.6109438,35.997959
6505733731,village,مرح الوعرة,مرح الوعرة,Morh el Ouaarat,Morh el Ouaarât,33.6002709,36.0213831
6505734015,village,ينطا,ينطا,Yanta,Yanta,33.6041294,35.9447961
6516102718,village,ضهر البيدر,ضهر البيدر,Dahr El Baidar,Dahr El Baidar,33.810893,35.7660787
6522126152,village,برج اليهودية,برج اليهودية,Borj El Yahoudiyeh,Borj El Yahoudiyeh,34.4550689,35.9128539
6522126778,village,بحصاص,بحصاص,Bahsas,El Bahsas,34.4169066,35.8256553
6534448243,village,العيشية,العيشية,Aaichiyeh,Aaichiyeh,33.4074135,35.5564358
6538480337,village,عين دارة,عين دارة,Ain Dara,Ain Dara,33.7807352,35.7247356
6538480338,village,شمليخ,شمليخ,Shamlikh,Chamlikh,33.7823912,35.7063269
6538480339,village,تويتة,تويتة,Toueit Ain Dara,Toueit Ain Dara,33.7919548,35.7241526
6550921059,village,قرطبون,قرطبون,Qartaboun,Qartaboun,34.109003,35.6525574
6561782790,village,بتخني,بتخني,Btekhnay,Btekhnay,33.8413595,35.7189796
6563036958,village,بطحانيه,بطحانيه,Bathaniyeh,Bathaniyeh,33.4211306,35.7089797
6563036959,village,ميمس,ميمس,Mimes,Mimes,33.419412,35.7135525
6563036960,village,عين طنطا,عين طنطا,Ain Tanta,Ain Tanta,33.4127302,35.7271887
6563036961,village,الخلوات,الخلوات,Khalwat,Khalwat,33.4175924,35.7386047
6563036962,village,الكفير,الكفير,Kfeir,Kfeir,33.430136,35.7393653
6563036963,village,عين عطا,عين عطا,Ain Aata,Ain Aata,33.4361761,35.7789321
6563058307,village,مرج الزهور,مرج الزهور,Marj El Zhour,Marj El Zhour,33.4692667,35.7472867
6563058308,village,حوش القنعبة,حوش القنعبة,Haouch El Qenaabeh,Haouch El Qenaabeh,33.4768963,35.7547892
6563058309,village,مزرعة جعفر,مزرعة جعفر,Mazraat Jaafar,Mazraat Jaafar,33.4698296,35.7704477
6563058310,village,عين حرشة,عين حرشة,Ain Hirsha,Ain Hircha,33.4562143,35.782803
6563185049,village,الحمادية,الحمادية,Hammadiyeh,Hammadiyeh,33.2882342,35.2427556
6563185051,village,حلوسية,حلوسية,Hallousiyyeh,Hallousiyyeh,33.3057829,35.327872
6563281903,village,كفر حمام,كفر حمام,Kfarhamam,Kfarhamam,33.3431727,35.677966
6563281904,village,راشيا الفخار,راشيا الفخار,Rachaya Al Foukhar,Rachaya Al Foukhar,33.3541728,35.6674818
6563281905,village,كفر شوبا,كفر شوبا,Kfar Chouba,Kfar Chouba,33.3276656,35.6927339
6563281906,village,مزرعة إسلامية,مزرعة إسلامية,Mazraat El Salamia,Mazraat El Slamiyeh,33.3261406,35.661932
6563281941,village,حلتا,حلتا,Halta,Halta,33.3141477,35.6632289
6563281942,village,أبو قمحة,أبو قمحة,Abou Qamha,Abou Qamha,33.3824818,35.6624228
6563281943,village,خلوة البياضة,خلوة البياضة,Khalwat El Biyada,Khalwat El Biyada,33.3865056,35.6794136
6563281944,neighbourhood,حلتا الفوقى,حلتا الفوقى,Halta El Faouqa,Halta El Faouqa,33.3086129,35.666993
6563281945,hamlet,القلعة,القلعة,Qalaa,,33.3026351,35.6640484
6563293490,village,الماري,الماري,Al Mari,Al Mari,33.3205142,35.6417397
6563293491,village,دحيرجات,دحيرجات,Dehayrjate,Dehayrjate,33.3094816,35.654607
6563293530,village,المجيدية,المجيدية,El Majidiye,El Majidiye,33.284315,35.6576115
6563293532,village,الصليب,الصليب,Slaiyeb,Slaïyeb,33.2931975,35.6309738
6563293545,village,عمرة,عمرة,Aamra,Aamra,33.2721014,35.5968229
6563293549,village,عرب اللويزة,عرب اللويزة,Aarab El Louaizeh,Aarab El Louaizeh,33.273997,35.614619
6563923523,village,تل ذنوب الجديدة,تل ذنوب الجديدة,Tell Znoub ej Jdide,Tell Znoub ej Jdide,33.6725228,35.7662564
6580605948,village,جسر القاضي,جسر القاضي,Jisr El Qadi,Jisr El Qadi,33.7274637,35.5630995
6580623526,village,قبر شمون,قبر شمون,Qabr Chamoun,Qabr Chamoun,33.7542893,35.5420837
6580636368,village,الجاهلية,الجاهلية,Jahliyeh,Jahliyeh,33.6669938,35.5140425
6580637660,village,دير كوشه,دير كوشه,Deir Koucheh,Deir Koucheh,33.7171715,35.5645926
6580642236,village,دفون,دفون,Dfoun,Dfoun,33.7479752,35.5585194
6580650309,village,بتاتر,بتاتر,Btater,Btater,33.7694911,35.6332015
6580651498,village,شرتون,شرتون,Shartoun,Chartoun,33.7445352,35.5833957
6580651676,village,بشتفين,بشتفين,Bchetfine,Bchetfine,33.7112099,35.5542708
6582482929,village,حربتا,حربتا,Harbata,Harbata,34.2064963,36.2671137
6587251644,village,ذوق بحنين,ذوق بحنين,Zouk Bhanine,Zouk Bhanine,34.4960349,35.9578872
6587694663,village,حرف أردة,حرف أردة,Harf Ardeh,Harf Ardeh,34.398809,35.9106401
6587695600,village,عميق,عميق,Aammiq,Aammiq,33.7133921,35.7731769
6591986608,village,برغز,برغز,Berghoz,Berghoz,33.4081128,35.635741
6591993342,village,سيرة هنا,سيرة هنا,Siret Hana,Siret Hana,34.0261566,36.0052147
6591996634,village,بيت مشيخ,بيت مشيخ,Beit Mchik,Beit Mchik,34.0438551,36.0280651
6591998700,village,بوداي,بوداي,Boudai,Boudai,34.0617859,36.0631317
6592000205,village,دلافي,دلافي,Dlafy,Dlafy,33.4298889,35.6458702
6592006820,village,أرنون,أرنون,Arnoun,Arnoun,33.3293581,35.5254346
6612252120,village,يمونة,يمونة,Al Yammunah,Yammoune,34.129755,36.0291588
6612941975,village,قبعيت,قبعيت,Qabaait,Qabaait,34.449627,36.0967315
6612946479,village,خالصة,خالصة,Khalsah,Khalsah,34.6331877,36.3124336
6612955347,village,مصلا,مصلا,Masla,Masla,34.5916586,36.1612332
6612957259,village,مرستي,مرستي,Mresti,Mrousti,33.6226377,35.6485889
6612957496,village,قرين,قرين,Qrayn,Qrayn,34.3971272,36.033297
6612962723,village,سفيرة,سفيرة,Sfireh,Sfireh,34.4002047,36.0526784
6612967146,village,قمامين,قمامين,Qemmamine,Qemmamine,34.4203866,36.1394383
6612973952,village,حصنا,حصنا,Hosna,Hosna,34.1034118,35.7756613
6612977812,village,بحصة,بحصة,Bahsa,Bahsa,34.382414,36.0370712
6612979610,village,جوز,جوز,Jaouz,Jaouz,34.4613567,36.2757291
6612980893,village,بطرماز,بطرماز,Btormaz,Btormaz,34.4232664,36.0360634
6612981438,village,القرن,القرن,Qarneh,Qarneh,34.4409746,36.1184468
6612981561,village,التليل,التليل,Tlayleh,Tlayleh,34.595537,36.137102
6612983139,village,السويسة,السويسة,Souaiseh,Souaisse,34.462928,36.3081727
6612986236,village,تكريت,تكريت,Tekrit,Tekrit,34.5182905,36.1594878
6612990567,village,بعذران,بعذران,Baadaran,Baadaran,33.6371213,35.6202523
6612993101,village,ميل,ميل,Miel,Myle,34.1918904,35.9420539
6612993230,village,مطيلة,مطيلة,Mtayleh,Mtayleh,33.7126969,35.6498687
6612995581,hamlet,شربينه,شربينه,Charbineh,Charbineh,34.118206,35.860974
6612997023,village,مخاضة,مخاضة,Moukhada,Moukhada,34.1328056,35.8442712
6612997848,village,بقرتا,بقرتا,Bqarta,Bqarta,34.1270677,35.7984759
6613000694,village,مديرج,مديرج,Mdairej,Mdairej,33.8011528,35.7281047
6613004639,village,سجد,سجد,Sejoud,Sejoud,33.4322905,35.535542
6629915436,village,حيداب,حيداب,Haidab,Haidab,33.5266781,35.5285608
6629915744,village,زحلتى,زحلتى,Zhalta,Zhalta,33.5120543,35.5476442
6629927103,village,ريمات,ريمات,Raimat,Raimat,33.5274177,35.5104767
6629963827,village,عين قانا,عين قانا,Ain Qana,Ain Qana,33.4733169,35.5113747
6630006619,village,السنية,السنية,Sniyeh,Sniyeh,33.5156336,35.5281187
6630006732,village,كفر دجان,كفر دجان,Kfar Dajal,Kfar Dajal,33.3443223,35.4322777
6630009587,village,قطع,قطع,Qataa,Qataa,33.5305754,35.5345755
6631242483,village,نمرين,نمرين,Nemrine,Nemrine,34.3790965,36.0557129
6631242484,village,قرصيتا,قرصيتا,Qarsita,Qarsita,34.3878502,36.0623921
6631289767,village,نبع الصفا,نبع الصفا,Nabaa Al Safa,Nabaa El Safa,33.7514558,35.6969213
6631311496,village,بقرصونة,بقرصونة,Bqarsouna,Bqarsouna,34.3775819,36.0446596
6632258480,village,سير الغربية,سير الغربية,Sir Al Gharbiyya,Sir El Gharbiyeh,33.3225133,35.3655997
6632260382,village,شميسة,شميسة,Chmayseh,Chmayseh,33.8284843,35.6835027
6632269174,village,عرب صاليم,عرب صاليم,Arab Salim,Arab Salim,33.423802,35.5078195
6632274217,village,عين زحلتا,عين زحلتا,Ain Zhalta,Ain Zhalta,33.7406418,35.6988941
6632281504,village,عازور,عازور,Azour,Azour,33.5594932,35.535178
6632294890,village,بريقع,بريقع,Braiqah,Braiqah,33.3408205,35.3816943
6632304348,village,إغميد,إغميد,Ighmid,Ighmid,33.7630194,35.6955644
6632309116,village,بيقون,بيقون,Baiqoun,Baiqoun,33.6169971,35.5816894
6632313010,village,قرية,قرية,Qraiyeh,Qraiyeh,33.8084635,35.6835128
6632317375,village,عين الزيت,عين الزيت,Ain El Zeit,Ain El Zeit,34.5889815,36.1976962
6632318311,village,النبي سباط,النبي سباط,Nabi Sbat,Nabi Sbat,33.9355493,36.2351874
6632319129,village,ضهر الحرف,ضهر الحرف,Dahr El Harf,Dahr El Harf,33.8642868,35.8264801
6632342607,village,دير تقلا,دير تقلا,Deir Taqla,Deir Taqla,33.3990649,35.2915731
6636904551,village,الحويش,الحويش,Houeich,Houeich,34.4974452,36.1188777
6636907640,village,كفر ببنين,كفر ببنين,Kfar Bebnine,Kfar Bebnine,34.4061683,36.0779517
6636926207,village,هدّ,هدّ,El Hedd,El Hedd,34.5593338,36.1584651
6636930050,village,قرحيا,قرحيا,Qarhaiya,Qarhaiya,34.4431957,36.0785663
6636933622,village,عين تنتا,عين تنتا,Ain Tanta,Ain Tanta,34.5853317,36.1854724
6636941883,village,جبرايل,جبرايل,Jebrayel,Jebrayel,34.5220546,36.130778
6636944214,village,مزرعة الشوف,مزرعة الشوف,Mazraat Al Shouf,Mazraat El Chouf,33.6461367,35.5801026
6636952474,village,عينبال,عينبال,Ainbal,Ainbal,33.6622871,35.561841
6641301454,village,مجيدل,مجيدل,Mjeidel,Mjeidel,33.5177786,35.4409761
6641317582,village,سفنتا,سفنتا,Sfenta,Sfenta,33.5079646,35.4960471
6641322050,village,دير انطار,دير انطار,Deyr Ntar,Deyr Ntar,33.2178477,35.3785026
6641403888,village,كفر جرة,كفر جرة,Kfar Jarra,Kfar Jarra,33.5494076,35.4304242
6655684861,village,مليخ,مليخ,Mlikh,Mlikh,33.4687816,35.5583366
6655752219,village,الكحلونية,الكحلونية,Kahlouniyeh,Kahlouniyeh,33.64977,35.5903721
6655756472,village,الرجمة,الرجمة,Rejmeh,Rejmeh,33.7897814,35.6125018
6655761340,village,كفر نيس,كفر نيس,Kfar Niss,Kfar Niss,33.7380786,35.6415277
6655761465,village,السمقانية,السمقانية,Samqaniyeh,Samqaniyeh,33.6789621,35.5884941
6655763757,village,معاصر بيت الدين,معاصر بيت الدين,Maasser Beit Ed Dine,Maasser Beit Ed Dine,33.6983048,35.598579
6703390454,village,حريشه,حريشه,Hreisheh,Hraiche,34.3759567,35.7521768
6703419506,village,وادي الحور,وادي الحور,Wadi El Hour,Wadi El Hour,34.6083438,36.1547413
6703419710,village,برغون,برغون,Barghoun,Barghoun,34.3420494,35.7534234
6738439645,village,المونسة,المونسة,Mwanseh,Mwanseh,34.5981642,36.3875636
6761441249,village,بلحص,بلحص,Balhoss,Balhoss,34.0937847,35.8078455
6763864220,village,الدوره,الدوره,Ed Daoura,Ed Daoura,34.5387436,36.2211089
6763873961,village,مجدل سلم,مجدل سلم,Majdel Selm,Majdel Selm,33.2250248,35.4640313
6763880547,village,سبوبا,سبوبا,Sbouba,Sbouba,34.2207598,36.2767365
6763906375,village,برغش,برغش,Barghash,Barghach,34.3883838,36.2961994
6763913330,village,بشوات,بشوات,Beshwat,Bechouat,34.1511663,36.1358306
6763960170,village,مركبا,مركبا,Markaba,Markaba,33.2339621,35.5162191
6763962183,village,خربة سلم,خربة سلم,Kherbet Selm,Kherbet Selm,33.2324576,35.4192914
6763972656,village,تبنا,تبنا,Tebna,Tebna,33.4475571,35.3424297
6764018386,village,دير نبوح,دير نبوح,Deir Nbouh,Deir Nbouh,34.3714637,35.931182
6764025192,village,القطلبة,القطلبة,Qatlabeh,Qatlabeh,34.5407452,36.2801738
6764556006,village,عيترون,عيترون,Aitaroun,Aitaroun,33.1163867,35.4715009
6765244500,village,جباع,جباع,Jbaa,Jbaa,33.4858799,35.5159324
6765247505,village,بصليا,بصليا,Bouslaiya,Bouslaiya,33.5009749,35.5129044
6765264190,village,بيرة,بيرة,El Bireh,El Bireh,33.7218219,35.6437293
6772832025,hamlet,سفري,سفري,Sifri,Sifri,33.9221596,36.0803502
6772842951,village,يحفوفا,يحفوفا,Yahfoufa,Yahfoufa,33.8592384,36.1223945
6772843561,village,ماسا,ماسا,Massa,Massa,33.8502022,36.0666727
6772863292,village,طليا,طليا,Talya,Talia,33.9354336,36.0978267
6772865012,village,جنتا,جنتا,Janta,Janta,33.8563915,36.106993
6815994083,neighbourhood,الأنطونية,الأنطونية,El Antouniye,El Antouniye,33.8356772,35.5352848
6816154279,village,الرانسية,الرانسية,Ransiyeh,Ransiyeh,33.5241028,35.4921404
6816201553,village,صيدون,صيدون,Sidoun,Sidoun,33.5210148,35.5124212
6918418411,village,مجدلونة,مجدلونة,Majdalouna,Majdalouna,33.5962743,35.4490238
6918418412,village,المغيرية,المغيرية,Al Mughayriyya,Moghayriyah,33.6039729,35.4591894
6918426344,village,الصرونية,الصرونية,As Sarawuniyya,Saraouniyeh,33.5823677,35.4429996
6918426345,village,الجميلية,الجميلية,Jmailiyeh,Jmailiyeh,33.6001706,35.4263002
6918426346,village,الصابونية,الصابونية,As Sabuniyya,Sabouniyeh,33.5962207,35.4214024
6918477354,village,حارة شبيب,حارة شبيب,Haret Chbib,Haret Chbib,33.7735201,35.4723
6918512325,village,رومين,رومين,Roumine,Roumine,33.4623082,35.4426241
6918516551,town,ينار,,Yanar,Yanar,33.788555,35.5036712
6918523332,village,غبالين,غبالين,Ghbaline,Ghbaline,34.1843821,35.6930888
6918537439,village,عزة,عزة,Aazze,Aazze,33.4552818,35.4300177
6918919413,village,مزمورة,مزمورة,Mazmourah,Mazmourah,33.5956706,35.508815
6918958777,village,الجلالية,الجلالية,Ej Jleiliye,Ej Jleiliye,33.6058393,35.5291385
6918958778,village,الزعرورية,الزعرورية,Ez Zaarouriye,Ez Zaarouriye,33.6137954,35.5194343
6918958779,village,عانوت,عانوت,Aanout,Aanout,33.6283375,35.516709
6918958780,village,قريعة,قريعة,Qraiaa,Qraiaa,33.5976105,35.4923688
6918958781,hamlet,دير المخلص,دير المخلص,Deir El Mkhalles,Deir El Mkhalles,33.584326,35.4795107
6918958782,village,العقبة,العقبة,Aaqabeh,Aaqabeh,33.5829259,35.4680418
6920503897,village,شيخ زناد,شيخ زناد,Cheikh Zennad,Cheikh Zennad,34.6069412,35.987193
6920514930,village,رأس العين,رأس العين,Ras el Ain,Râs el Aïn,33.2280712,35.2184987
6920530477,village,الرشيدية,الرشيدية,Er Rachidiye,Rachîdîyé,33.2393785,35.2160525
6921623442,village,مشرف,مشرف,Meshref,Mechref,33.7132113,35.4667596
6921703556,village,دوحة,دوحة,Douha,Douha,33.7619964,35.4619591
6921705016,village,ميدون,ميدون,Meidoun,Meidoun,33.4674989,35.640729
6921712759,village,الدبية,الدبية,Debbieh,Debbieh,33.6654418,35.4867897
6938170720,locality,بيت البومة,بيت البومة,Beit El Boum,Beit El Boum,34.0909139,35.653148
6943837293,village,سبرين,سبرين,Sebrine,Sebrine,34.1106818,35.710234
6943839657,village,فدار التحتا,فدار التحتا,Fdar Et Tahta,Fdar Et Tahta,34.1333656,35.6928348
6943846037,village,فدار الفوقا,فدار الفوقا,Fdar El Faouqa,Fdar El Faouqa,34.1327257,35.7029668
6956249799,neighbourhood,حي الكروم,حي الكروم,,,33.7506207,35.583673
6963030902,village,الغندورية,الغندورية,Ghanduriyah,Ghanduriyah,33.2717232,35.4324974
6963045651,village,كفردونين,كفردونين,Kfar Dounin,Kfar Dounin,33.2393868,35.3927646
6967760170,village,بنهران,بنهران,Bnehrane,Bnehrane,34.274459,35.8512692
6967797617,village,طلوسة,طلوسة,Tallousa,Tallousa,33.2295017,35.4889937
6967800489,village,متريت,متريت,Metrit,Metrit,34.2602717,35.8414645
6967801932,village,دبادب,دبادب,Dbadeb,Dbadeb,34.6120185,36.3850564
6967805401,village,بيت كسّاب,بيت كسّاب,Beit Kassab,Beit Kassab,34.2455482,35.8517383
6985782864,village,حارة جندل,حارة جندل,Haret Jandal,Haret Jandal,33.6287072,35.6067118
6985850847,village,محاربية,محاربية,Mharbiye,Mharbiye,33.5278067,35.4468278
6985855915,village,وادي النجاص,وادي النجاص,Wadi en Njass,Wadi en Njass,34.3583947,36.0386043
6985862917,village,حوش النبي,حوش النبي,Haouch En Nebi,Haouch En Nebi,33.9295661,36.0650728
6985869210,village,خربة الدوير,خربة الدوير,Khirbet Ed Dwayr,Khirbet Ed Dwayr,33.2796335,35.6389191
6985877055,village,نبي يونس,نبي يونس,En Nabi Younes,En Nabi Younes,33.662199,35.4190475
6985887946,village,ضهور عين الحور,ضهور عين الحور,Dahr Ain El Haour,Dahr Ain El Haour,33.6604759,35.4977522
6985889408,village,المعنية,المعنية,El Maaniye,El Maaniye,33.6310078,35.4477378
6985898674,village,كفَ الملول,كفَ الملول,Kaf el Malloul,Kaf el Malloul,34.3507709,35.9572966
6985899898,village,حارة بيت ماضي,حارة بيت ماضي,Haret Beit Madi,Haret Beit Madi,33.6607483,35.4247916
6985900386,village,كرخا,كرخا,Karkha,Karkha,33.56379,35.4472842
6985901055,village,بحويتا,بحويتا,Behouaita,Behouaita,34.3366244,35.9688608
6985903421,village,حيتولة,حيتولة,Haytula,Haitoule,33.522041,35.4735109
6985904805,village,زغرتغرين,زغرتغرين,Zghartaghrine,Zghartaghrine,34.3598768,35.9532619
7006118330,village,مراح المير,مراح المير,Mrah El Mir,Mrah El Mir,33.9610856,35.6991166
7014661780,village,خاربة جبيل,خاربة جبيل,Kharbeh,Kharbe,34.1789325,35.7532561
7014724690,village,سبايل,سبايل,Sbail,Sbail,34.1766736,35.7427901
7014724691,village,حصن العر,حصن العر,Hosn Aar,Hosn Aar,34.1449268,35.7292825
7014724704,village,جربتا جبيل,جربتا جبيل,Jrebta,Jrebta Jbeil,34.1406157,35.721311
7014724705,neighbourhood,مداميت,مداميت,Mdamit,Mdamit,34.1067323,35.685879
7014724725,village,بمهرين,بمهرين,Bmahrain,Bmahrain,34.1236757,35.6766361
7014760570,village,بشتودار,بشتودار,Bechtoudar,Bechtoudar,34.2233887,35.818938
7014760588,village,اسيا,اسيا,Aassiya,Aassiya,34.2182255,35.7843375
7014760589,village,راشا,راشا,Racha,Racha,34.2001678,35.7866954
7014760599,village,قطارة,قطارة,Qattarah,Qattarah,34.1844886,35.7860112
7022415743,village,صربين,صربين,Srobbine,Srobbine,33.1548076,35.357877
7022428666,village,القصير,القصير,El Qoussair,El Qoussair,33.2929606,35.4566574
7022485587,village,مزرعة سرادا,مزرعة سرادا,Mazraat Sarada,Mazraat Sarada,33.2910952,35.598557
7024160057,village,بنيه,بنيه,El Binnay,El Binnay,33.7364523,35.5467689
7024160058,village,جناح,جناح,Jnah,Jnah,33.8656986,35.4839891
7024197901,village,كفر حمل,كفر حمل,Kfar Hamel,Kfar Hamel,33.712328,35.5737948
7024200691,village,ضهر الاحمر,ضهر الاحمر,Dahr El Ahmar,Dahr El Ahmar,33.5283021,35.8307504
7024200710,village,مجدل بلهيص,مجدل بلهيص,Majdal Balhiss,Majdal Balhiss,33.5374242,35.7450646
7024216354,village,مدوخا,مدوخا,Mdoukha,Mdoukha,33.6038255,35.8775281
7024219502,village,كامد اللوز,كامد اللوز,Kamed El Laouz,Kamed El Laouz,33.6208421,35.8231867
7024224756,village,عيتا الفخار,عيتا الفخار,Aita el Foukhar,Aita el Foukhar,33.6395794,35.9074509
7024226150,village,عقبة,عقبة,El Aaqabe,El Aaqabe,33.5040434,35.8256864
7024256609,village,الخيارة,الخيارة,El Khiara,El Khiara,33.6912655,35.8482625
7024256610,village,الصويري,,Sawiri,Saouiri,33.6846216,35.9038138
7024256611,village,حمارة,حمارة,Hammara,Hammara,33.6513155,35.8836865
7024502358,village,تعزانية,تعزانية,Taazaniyeh,Taazaniyeh,33.7840673,35.6224604
7024519980,village,عين الجديدة,عين الجديدة,Ain Jdideh,Ain Jdideh,33.8066041,35.6302747
7024555205,village,إيزال,إيزال,Izal,Izal,34.3799353,35.9816122
7024559321,village,بيت زود,بيت زود,Beit Zoud,Beit Zoud,34.4104724,35.9882584
7024572375,village,بيت داود,بيت داود,Beit Daoud,Beit Daoud,34.3779924,35.9600896
7024589107,village,ورهانية,ورهانية,Warhaniyeh,Warhaniyeh,33.7212483,35.674191
7026122872,village,كفر رمان,كفر رمان,Kafr Rumman,Kfar Roummane,33.3897276,35.501783
7027475473,village,عين الصفصاف,عين الصفصاف,Ain El Safsaf,Ain El Safsaf,33.9131521,35.7244985
7027478340,village,منزلة,منزلة,Manzala,Manzleh,33.3572834,35.4984669
7027487249,village,حجة,حجة,Hajjeh,Hajjeh,33.4764105,35.3811703
7033666396,town,سعد نايل,سعد نايل,Saadnayel,Saadnayel,33.8193839,35.8813124
7047719238,neighbourhood,حي السلّم,حي السلم,Hay El Sullom,Hay El Sullom,33.8224422,35.5112873
7056934724,town,الميناء,مينا,Mina,Mina,34.4511126,35.8145821
7058903078,neighbourhood,حي مار إلياس,حي مار إلياس,,,33.8160414,35.8731733
7058903081,neighbourhood,حي الجامع,حي الجامع,,,33.8194423,35.8716913
7058903082,neighbourhood,حي البعل,حي البعل,,,33.8179914,35.8656416
7058903083,neighbourhood,حي الدهيني,حي الدهيني,,,33.8227397,35.869258
7058903084,neighbourhood,حقل العين,حقل العين,,,33.822989,35.8747666
7061198750,town,المطيلب,المطيلب,Mtaileb,Mtaileb,33.9203908,35.6124763
7087370807,neighbourhood,البص,البص,Al Bass,El Bass,33.2723298,35.2126465
7094770526,neighbourhood,مشروع جبل عامل,مشروع جبل عامل,,,33.2648506,35.5215761
7131798946,village,كفر كلا,كفر كلا,Kafr Kila,Kfar Kila,33.2827128,35.5587551
7131798947,village,عديسة,عديسة,Odaisseh,Odaisseh,33.2577624,35.5466828
7143796694,village,بحوارا,بحوارا,Bhouara,Bhouara,33.7905157,35.5964863
7149765879,village,عين الفريديس,عين الفريديس,Ain El Fraydis,Ain El Fraydis,33.7813791,35.6096193
7149765882,village,عين الحلزون,عين الحلزون,Ain El Halazoun,Ain El Halazoun,33.7700988,35.646157
7149773747,village,عيناب,عيناب,Aaynab,Aaynab,33.7668757,35.5471657
7149784833,village,شارون,شارون,Charoun,Charoun,33.771579,35.6857641
7149796487,village,بدغان,بدغان,Bedghane,Bedghane,33.7673945,35.6714429
7149806274,village,بو زريده,بو زريده,Bou Zrideh,Bou Zrideh,33.7488054,35.5769685
7149817917,village,رويسة النعمان,رويسة النعمان,Rouaysset En Naamane,Rouaysset En Naamane,33.7545096,35.6060481
7177653888,village,الهيشة,الهيشة,Al Hisha,El Hicha,34.636493,36.3648775
7232956721,village,كفردبيان,كفردبيان,Kfardebian,Kfardebian,34.0023791,35.8338774
7242925056,village,كوشا,كوشا,Koucha,Koucha,34.5638899,36.099835
7352216883,town,عنجر,عنجر,Anjar,Anjar,33.7282212,35.9314084
7352702004,village,عدوي,عدوي,Aadouiye,Aadouiye,34.5807685,36.1761131
7352714252,village,عكار العتيقة,عكار العتيقة,Aakkar El Attiqa,Aakkar El Attiqa,34.5248564,36.2417993
7352714258,village,العوينات,العوينات,Aaouinat,Aaouinat,34.6247668,36.3033699
7352738634,village,جرمنايا,جرمنايا,Aarab Jourmnaya,Aarab Jourmnaya,34.6119114,36.3611655
7352743922,village,عريضا,عريضا,Aarida,Aarida,34.66757,36.3042769
7352745576,village,الزاهرية,الزاهرية,Zahriye,Zahriye,33.2066752,35.2166186
7356608408,village,بيت الحوش,بيت الحوش,Beit El Haouch,Beit El Haouch,34.483644,35.9995303
7356615901,village,بيت ملات,بيت ملات,Beit Mellat,Beit Mellat,34.5301355,36.1620012
7356625338,village,شان,شان,Chane,Chane,34.4821791,36.1144742
7369006160,village,الريحانية,الريحانية,Rihaniye,Rihaniye,34.5820376,36.1172366
7369054398,village,هوشب,هوشب,Haouchab,Haouchab,34.5866379,36.101865
7369636045,village,بلوزا,بلوزا,Blouza,Blouza,34.261925,35.9524262
7376823223,village,بجعة,بجعة,Bajaa,Bajaa,34.4900254,36.0753085
7376832486,village,عيون,عيون,Aayoun,Aayoun,34.5279443,36.1734626
7376871743,village,العواده,العواده,Awade,Awade,34.626074,36.3777896
7377085341,village,نبحا,نبحا,Nabha,Nabha,34.1830731,36.2240009
7377118283,village,عين بوسوار,عين بوسوار,Ain Bousouar,Ain Bousouar,33.4740534,35.5194825
7377136914,village,عصيموت,عصيموت,Aasaymout,Aasaymout,34.4349254,36.0899393
7383127667,village,بريح,بريح,Brih,Brih,33.7146984,35.6572857
7383159973,village,بير الهيت,بير الهيت,Bir El Hait,Bir El Hait,34.0884182,35.7224231
7398401631,village,العماير,العماير,Amayer,Amayer,34.6291234,36.3865967
7398442035,village,منيرة,منيرة,Mnaira,Mnaira,34.3113939,36.3181539
7398443015,village,بيت يونس,بيت يونس,Beit Younes,Beit Younes,34.4731531,36.1487675
7398562386,village,قياع,قياع,Qiyaa,Qiyaa,33.5657897,35.3882709
7398569041,village,المصيلح,المصيلح,Msaileh,Msaileh,33.4791216,35.3518214
7398575341,village,ساري,ساري,Sari,Sari,33.3935311,35.2742833
7398583995,village,شبيل,شبيل,Shbeil,Chbeil,33.4279285,35.6003356
7398588883,village,زرازير,زرازير,Zrazir,Zrazir,34.1522454,36.1229501
7403438374,village,باتر,باتر,Bater,Bater,33.6020672,35.6173139
7403449633,village,حبرمون,حبرمون,Habramoun,Habramoun,33.7603546,35.6444535
7405891168,village,شرين,شرين,Sherin,Cherin,33.9348192,35.7313316
7405947617,village,بصفرين,بصفرين,Bsifrine,Bsifrine,33.8851444,35.7002136
7405975158,neighbourhood,Kfar Saleh,,Kfar Saleh,Kfar Saleh,34.137618,35.650104
7405983436,village,ملحون,ملحون,Malhoun,Malhoun,34.1443895,35.7005587
7406002502,village,مربعه,مربعه,Marbaa,Marbaa,34.1496317,35.6977269
7406004477,village,منيطرة,منيطرة,Mnaitra,Mnaitra,34.073738,35.8891869
7406006238,village,القص,القص,Qass,Qass,34.0842204,35.7264161
7406012180,village,زمار,زمار,Zmar,Zmar,34.1231035,35.7188063
7406292205,village,قنيطرة,قنيطرة,Qnaitra,Qnaitra,33.4809679,35.4010983
7406299555,village,المحيدلة,المحيدلة,Mhaidle,Mhaidle,33.382918,35.2934446
7406323174,village,جمهور,جمهور,Jamhour,Jamhour,33.828245,35.569577
7412566246,village,عبود,عبود,Aaboud,Aaboud,34.1028209,35.8539858
7412609386,village,فالوغا,فالوغا,Falougha,Falougha,33.8372775,35.7411749
7416743328,village,علمان‎,علمان‎,Aalmane,Aalmane,33.3019088,35.4701951
7416782614,village,ديمان,ديمان,Dimane,Dimane,34.2456757,35.9513925
7416882228,village,حرفوش,حرفوش,Harfoush,Harfouch,34.1996604,36.2444069
7416920176,village,بديتا,بديتا,Bdita,Bdita,34.3900299,36.3789978
7422346708,village,برباره,برباره,Berbara,Berbara,34.5720389,36.1883593
7434965943,village,شطاحة,شطاحة,Chattaha,Chattaha,34.5331109,36.1737795
7435006004,village,قعبرين,قعبرين,Qaabrine,Qaabrine,34.5678336,36.0337581
7435208852,village,قتالة,قتالة,Qtale,Qtale,33.8218868,35.6736905
7447316442,village,رمات,رمات,Ramate,Ramate,34.2176225,35.7167497
7450474470,village,كسارا,كسارا,Ksara,Ksara,33.827961,35.8954529
7450478644,village,دير زنون,دير زنون,Deir Zenoun,Deir Zenoun,33.7602434,35.909485
7455360056,village,الشقدوف,الشقدوف,Chaqdouf,Chaqdouf,34.529307,36.1902101
7455363253,village,شيخلار,شيخلار,Cheikhlar,Cheikhlar,34.6199857,36.2738292
7455370932,village,كفرحره,كفرحره,Kfar Harra,Kfar Harra,34.5586942,36.1366787
7471961105,village,قصرنبا,قصرنبا,Kasarnaba,Qasr Neba,33.9130438,35.9907442
7472399946,village,شلوماس,شلوماس,Chaloumas,Chaloumas,34.102695,35.7424828
7472545867,village,دلهمية,دلهمية,Dalhamiye,Dalhamiye,33.8187143,35.9582079
7472562445,village,محيدثه,محيدثه,Mhaidse,Mhaidse,33.5559111,35.8104916
7472566201,village,عمار البيكات,عمار البيكات,Amaret El Baykat,Amaret El Baykat,34.6035139,36.1647839
7472570606,village,عرنايا,عرنايا,Aarnaya,Aarnaya,33.509149,35.3997965
7495355298,village,علق,علق,Aallaq,Aallaq,34.0280867,36.1034641
7495357745,village,مراح نجيب,مراح نجيب,Mrah Najib,Mrah Najib,34.0923895,36.0685682
7495361528,village,بيت حبشي,بيت حبشي,Beit Habshi,Beit Habchi,34.153582,36.0994043
7495364185,village,برقا,برقا,Barqa,Barqa,34.1733096,36.1388206
7495368340,village,بليقة,بليقة,Blaiqa,Blaika,34.149669,36.0999308
7495372551,village,المقرق,المقرق,Moqraq,Moqraq,34.1740765,36.3334027
7495382484,village,مراح عباس,مراح عباس,Mrah Aabbas,Mrah Aabbas,34.3978527,36.3503666
7495415899,village,زرايب,زرايب,Zarayeb,Zarayeb,34.0943133,36.0457869
7504371346,village,مشتى حسن,مشتى حسن,Mashta Hassan,Machta Hassan,34.6265673,36.3238984
7504394778,village,ايلات,ايلات,Ilat,Ilat,34.5203395,36.1074154
7504452361,village,السهله,السهله,Sahle,Sahle,34.5958997,36.3377542
7504522884,village,تل كري,تل كري,Tell Kiri,Tell Kiri,34.5979382,36.0390129
7504527880,village,بدنايل,بدنايل,Bednayel,Bednayel,33.9138308,36.0069234
7504544455,village,حفاير,حفاير,Hfayer,Hfayer,34.0778671,36.0714971
7526432536,village,الغزيله,الغزيله,Ghzaile,Ghzaile,34.5965086,36.1139376
7526438624,village,الرامه,الرامه,El Rama,El Rama,34.6178888,36.3765143
7526440826,village,القرنة,القرنة,El Qorne,El Qorne,34.4786735,36.1670837
7526444476,village,عين بورضاي,عين بورضاي,Ain Bourday,Ain Bourday,33.9879386,36.2042656
7526461587,village,حكر جنين,حكر جنين,Hikr Janine,Hikr Janine,34.6354206,36.1317672
7526476262,village,العمارية,العمارية,El Aamriye,El Aamriye,34.5989237,36.2200155
7526500629,village,المعلقة,المعلقة,El Maalqa,El Maalqa,34.2507263,36.3898706
7526503305,village,نورة,نورة,Noura,Noura,34.6240088,36.1848651
7526507152,village,رجم خلف,رجم خلف,Rajm Khalaf,Rajm Khalaf,34.6178491,36.3913097
7526512663,village,القليعات,القليعات,El Qlaiaat,El Qlaiaat,34.5820415,36.016181
7526523532,village,نقرة,نقرة,En Nouqra,En Nouqra,34.1549036,36.336323
7526537569,village,السعيدة,السعيدة,Saaide,Saaide,34.0287027,36.0807724
7526575353,village,جورة سرار,جورة سرار,Jouret Srar,Jouret Srar,34.6320458,36.1124994
7538474106,village,مراح الجمال,مراح الجمال,Mrah el Jamal,Mrah el Jamal,34.0529722,36.038267
7538502953,village,مراح الجداوي,مراح الجداوي,Mrah ej Jeddaoui,Mrah ej Jeddaoui,34.0731393,36.0509071
7538503447,village,مراح بو براهيم,مراح بو براهيم,Mrah Bou Brahim,Mrah Bou Brahim,34.0672619,36.0416043
7538512988,village,مراح بيت سليم,مراح بيت سليم,Mrah Beit Slim,Mrah Beit Slim,34.0576992,36.0410957
7538513250,village,مراح سمعان,مراح سمعان,Mrah Semaan,Mrah Semaan,34.178956,36.1524544
7538525322,village,مراح سكر,مراح سكر,Mrah Soukkar,Mrah Soukkar,34.1781422,36.1452794
7538530479,village,رجم حسين,رجم حسين,Rajm Hssein,Rajm Hssein,34.6064041,36.3834038
7559557367,village,مجدل عنجر,مجدل عنجر,Majdel Anjar,Majdel Anjar,33.7075882,35.905483
7559566349,village,روضة,روضة,Raouda,Raouda,33.7480427,35.8785571
7559612041,village,عدشيت‎,عدشيت‎,Aadchit,Aadchit,33.2781192,35.483457
7566268059,village,برج العرب,برج العرب,Borj El Arab,Borj El Arab,34.5252284,36.0120645
7566284531,village,خربة شار,خربة شار,Khirbet Char,Khirbet Char,34.5795704,36.189836
7566318915,village,دبابية,دبابية,Dibbabiye,Dibbabiye,34.6246567,36.2054499
7566337574,village,العين,العين,El Ain,El Ain,34.2241432,36.3789444
7566342042,village,ايعات,ايعات,Iaat,Iaat,34.0345939,36.1739691
7566356945,village,جوبانية,جوبانية,Joubaniyeh,Joubaniyeh,34.1803456,36.1820483
7566359370,village,مزرعة الضهور,مزرعة الضهور,Mazraat Ed Dhour,Mazraat Ed Dhour,34.0330978,36.0344152
7566361657,village,مزرعة مطر,مزرعة مطر,Mazraat Matar,Mazraat Matar,34.0979189,36.0921445
7566362570,village,القدام,القدام,Qiddam,Qiddam,34.1819128,36.1950822
7566405678,village,حداثا,حداثا,Hadatha,Hadatha,33.164976,35.3915672
7567592863,village,عين المرج,عين المرج,Ain El Marj,Ain El Marj,33.7777383,35.6140856
7567620202,village,كفر فيلا,كفر فيلا,Kfar Fila,Kfar Fila,33.4818997,35.4983616
7572304088,village,بصيلة التحتا,بصيلة التحتا,Bsayleh Al Tahta,Bsayleh Al Tahta,34.1305845,36.1230893
7572305035,village,الشيخ عياش,الشيخ عياش,Cheikh Aayash,Cheikh Aayash,34.6290404,36.1000328
7572312347,village,مزرعة ام علي,مزرعة ام علي,Mazraat Oumm Aali,Mazraat Oumm Aali,34.0446699,36.0394654
7572331914,village,خربة داوود,خربة داوود,Khirbet Daoud,Khirbet Daoud,34.5863716,36.2213702
7572334580,village,بصيلة الفوقا,بصيلة الفوقا,Bsayleh Al Fawka,Bsayleh Al Fawka,34.1353284,36.1173553
7572340251,village,مزرعة الرماسي,مزرعة الرماسي,Mazraat Al Ramassy,Mazraat Al Ramassy,34.0419132,36.0220995
7572357583,village,مزرعة السيد,مزرعة السيد,Mazraat Es Saiyed,Mazraat Es Saiyed,34.1017485,36.0857358
7572368982,village,قليلة,قليلة,Qlaile,Qlaile,34.1987491,36.2282825
7575280382,village,حومين التحتا,حومين التحتا,Houmin El Tahta,Houmin El Tahta,33.4753702,35.4336605
7576190582,village,دنبو,دنبو,Danbo,Danbo,34.4788156,36.0854206
7576226435,village,خربة,خربة,Khirbe,Khirbe,34.5878166,36.0182195
7576237695,village,البرج عكار,البرج عكار,El Borj Akkar,El Borj Akkar,34.5321272,36.1861182
7576243490,village,الحميرة,الحميرة,Hmaireh Aakkar,Hmaireh Aakkar,34.492208,36.0481896
7576245416,village,مباركيه,مباركيه,Mbarkiyet,Mbarkiyet,34.4946293,36.0708284
7576255248,village,بتدعي,بتدعي,Btedaai,Betdaai,34.1135786,36.1075096
7576265316,village,حوش الرافقة,حوش الرافقة,Houch Er Rafqa,Houch Er Rafqa,33.9175425,36.0404183
7576265453,village,جديدة الجومه,جديدة الجومه,Jdeideh El Joumeh,Jdeideh El Joumeh,34.5359239,36.0645118
7576277421,village,مراح بو شاهين,مراح بو شاهين,Mrah Bou Chahine,Mrah Bou Chahine,34.1148423,36.0904055
7578200725,neighbourhood,بئر حسن,بئر حسن,Bir Hassan,Bir Hassan,33.8612058,35.4893398
7578231614,village,حارة حريك,حارة حريك,Haret Hreik,Haret Hreik,33.8521955,35.5107989
7593414631,village,خريبة الجندي,خريبة الجندي,Khreibet Ej Jindi,Khreibet Ej Jindi,34.5600064,36.0912714
7593449329,village,تل عباس الشرقي,تل عباس الشرقي,Tall Aabbas Ech Charqi,Tall Aabbas Ech Charqi,34.5961417,36.0659047
7593463315,village,بجاجة,بجاجة,Bejjaje,Bejjaje,34.2276473,36.351172
7593470519,village,تلة المجابر,تلة المجابر,Tallet El Mjabber,Tallet El Mjabber,34.5778975,36.0780382
7593477073,village,تلعباس غربي,تلعباس غربي,Tall Aabbas El Gharbi,Tall Aabbas El Gharbi,34.5822771,36.0761347
7593483242,village,عين الجوزة,عين الجوزة,Ain Ej Jaouze,Ain Ej Jaouze,33.8402237,36.3160458
7593483243,village,عين البنيّة,عين البنيّة,Ain El Bnaiye,Ain El Bnaiye,33.9101006,36.2269163
7593485807,village,تلة الزفير,تلة الزفير,Tallet Ez Zefir,Tallet Ez Zefir,34.5745909,36.0823574
7593494621,village,فلوية,فلوية,Flaoui,Flaoui,34.08347,36.0624444
7593498696,village,مراح العاصي,مراح العاصي,Mrah El Aassi,Mrah El Aassi,34.1785898,36.139616
7593506860,village,مراح حيسون,مراح حيسون,Mrah Haissoun,Mrah Haissoun,34.0382465,36.0399818
7593515074,village,مراح الأحمر,مراح الأحمر,Mrah El Ahmar,Mrah El Ahmar,34.0426054,36.0116389
7593566599,village,مراح التلة,مراح التلة,Mazraat Et Talle,Mazraat Et Talle,34.4905347,36.3824444
7600772358,village,الباروك,الباروك,Barouk,Barouk,33.7041134,35.6811913
7600835711,village,مختارة,مختارة,Moukhtara,Moukhtara,33.6573762,35.6133585
7600837459,village,عين الزيتونة,,Ain Zaitoune,Ain Zaitoune,33.9060075,35.741914
7612063753,village,كرك نوح,كرك نوح,Karak Nouh,Karak Nouh,33.8509155,35.9229774
7612089152,suburb,الرصية,الرصية,Rassiyeh,Rassîyé,33.8481719,35.8907986
7612095856,suburb,تل شيحا,تل شيحا,Tell Chiha,Tell Chiha,33.841016,35.9066165
7612108411,village,قلايا,قلايا,Qillaya,Qillaya,33.4343174,35.6571399
7612109067,village,بزعون,بزعون,Bazaoun,Bazaoun,34.2414071,35.9874816
7612148810,village,شاتين,شاتين,Chatine,Chatine,34.1898892,35.8868213
7612152518,village,ديربلا,ديربلا,Deir Billa,Deir Billa,34.246877,35.8135875
7640628062,village,مراح سجد,مراح سجد,Mrah Sejoud,Mrah Sejoud,34.4231865,36.3487387
7640633708,village,مراح الشرقي,مراح الشرقي,Mrah Ech Charqi,Mrah Ech Charqi,34.4005273,36.3822636
7640635745,neighbourhood,وادي النحلة,وادي النحلة,Wadi Nahleh,Wadi Nahleh,34.450396,35.872947
7640635746,neighbourhood,القبة,القبة,Qobbeh,El Kobe,34.4355136,35.8562641
7640642166,village,الوقف,الوقف,El Waqf,El Waqf,34.3901538,36.3887572
7640670579,village,مراح الغربي,مراح الغربي,Mrah El Gharbi,Mrâh El Gharbi,34.3961452,36.3783073
7642184852,village,مراح المشرف,مراح المشرف,Mrah El Mouchref,Mrah El Mouchref,34.4321334,36.361962
7642188358,village,التوفيقية,البزالية,Toufiqiye,Toufiqiye,34.172302,36.3104153
7644434245,village,خلوات,خلوات,Khalouat,Khalouat,33.8395565,35.7345336
7644437933,neighbourhood,الليلكي,الليلكي,Lailake,Lailake,33.8328603,35.512703
7644450812,village,ضهر المغارة,ضهر المغارة,Dahr El Maghara,Dahr El Maghara,33.6796606,35.4488527
7644459650,village,شوريت,شوريت,Chourit,Chourit,33.7386382,35.6337354
7647648808,village,مراح الدليل,مراح الدليل,Mrah El Dalil,Mrah El Dalil,34.4867385,36.3855157
7647660861,village,قلويه,قلويه,Qalaouiye,Qalaouiye,33.2473787,35.4182804
7647669850,village,مراح الزكبة,مراح الزكبة,Mrah Ez Zakbe,Mrah Ez Zakbe,34.4792795,36.3933722
7647676522,village,برج قلويه,برج قلويه,Borj Qalaouiye,Borj Qalaouiye,33.2592455,35.4227415
7647689628,village,المنتزه,المنتزه,Mountazah,Mountazah,33.8547188,35.5773787
7647689803,village,جميجمة,جميجمة,Jmayjmeh,Jmayjmeh,33.207931,35.4391833
7650459357,village,إغبة,إغبة,Eghbeh,Eghbeh,34.0131342,35.7118954
7650510231,village,فقرا,فقرا,Faqra,Faqra,33.983585,35.8099324
7650529628,village,كفار جريف,كفار جريف,Kfar Jrif,Kfar Jrif,34.0507833,35.6685728
7653763843,village,بمريم,بمريم,Bmariam,Bmariam,33.8301745,35.7197554
7653799216,village,عربانية,عربانية,Aarbaniye,Aarbaniye,33.8751968,35.6706663
7659488618,village,سريرة,سريرة,Sriri,Sriri,33.4339583,35.6253228
7662093887,village,دير مشموشة,دير مشموشة,Deir Machmouche,Deir Machmouche,33.5755996,35.5653711
7662264545,village,وردية,وردية,Ouardiye,Ouardiye,33.3998156,35.5920539
7667954463,village,حناوي,حناوي,Hannaouiye,Hannaouiye,33.2183948,35.2776731
7667992027,village,جنجلايا,جنجلايا,Jinjlaya,Jinjlaya,33.4859286,35.3978043
7671892343,village,سنديانة زيدان,سنديانة زيدان,Sindianet Zeidane,Sindianet Zeidane,34.579623,36.2391308
7671894325,village,هوشرية,هوشرية,Haouchariye,Haouchariye,34.4940433,36.3944507
7671906064,village,البعول,البعول,El Baaoul,El Baaoul,34.4179306,36.3350153
7674152549,village,خراب الحيّات,خراب الحيّات,Khorab el Haiyat,Khorab el Haiyat,34.6497223,36.3362833
7674842727,village,نميرية,نميرية,Nmairiye,Nmairiye,33.4250348,35.4016595
7674878763,village,شرقية,شرقية,Charqiye,Charqiye,33.4048225,35.418916
7678298065,village,راس الحرف,راس الحرف,Ras El Harf,Ras El Harf,33.8115868,35.6691303
7681105829,village,شبانية,شبانية,Chbaniye,Chbaniye,33.8212064,35.7080309
7681172949,village,قبيع,قبيع,Qoubbeiaa,Koubbeih,33.8125463,35.695271
7681253968,village,محيدسة,محيدسة,Mhaydse,Mhaydse,33.9198187,35.7000681
7681311742,village,حرازمين,حرازمين,Hrazmin,Hrazmin,34.1251515,35.7946287
7681347075,village,عيدامون,عيدامون,Aydamoun,Aydamoun,34.1529792,35.657384
7683709594,village,المعروفية,المعروفية,Maaroufiye,Maaroufiyé,33.7961031,35.5390787
7683752220,village,عين التفاحة,عين التفاحة,Ain Et Toufaha,Ain Et Toufaha,33.9335577,35.7246935
7683783256,village,كفرعقاب,كفرعقاب,Kfar Aaqab,Kfar Aaqab,33.9445746,35.7431459
7683938023,village,ريحانة,ريحانة,Rihani,Rihani,34.1672237,35.6390375
7707169665,village,الحرف,الحرف,Al Harf,Al Harf,33.5753778,35.5580771
7707934312,village,حوش تل صفية,حوش تل صفية,Haouch Tall Safiye,Haouch Tall Safiye,34.0247773,36.1399179
7707957870,village,سفينة الدريب,سفينة الدريب,Sfinet Ed Dreib,Sfinet Ed Dreib,34.572354,36.1603547
7707969519,village,عين السوداء,عين السوداء,Ain Es Saouda,Ain Es Saouda,34.0023146,36.1080981
7708023437,village,مشيتية,مشيتية,Mchaitiye,Mchaitiye,34.1543774,36.0859502
7708059068,village,مزرعة الدليل,,Mazraat Ed Dallil,Mazraat Ed Dallil,34.0397718,36.0509944
7708088272,village,عيتا الجبل الزط,عيتا الجبل الزط,Aayta Ej Jabal,Aayta Ej Jabal,33.174813,35.4044447
7708102668,village,إبل السقي,إبل السقي,Ibl Es Saqi,Ibl Es Saqi,33.3578209,35.6259365
7708120523,village,مراح العرب,مراح العرب,Mrah El Aarab,Mrah el Arab,34.478296,36.3544159
7711901372,village,حريقص,حريقص,Hraiqis,Hraiqis,34.4536517,35.928297
7714949465,village,زرايب شكر,زرايب شكر,Zrayeb Shoukr,Zarayeb Choukr,34.0919351,36.0625839
7714963662,village,سفينة القيطع,سفينة القيطع,Safinet El Qaiteaa,Safinet El Qaiteaa,34.4608376,36.0279264
7714979635,village,مراح العوجا,مراح العوجا,Mrah El Aouja,Mrah El Aouja,34.1801582,36.1605239
7714988479,village,دار الواسعة,دار الواسعة,Dar el Ouassaa,Dar El Wasaa,34.1080628,36.0571914
7714991889,village,سرعين التحتا,سرعين التحتا,Saraain Et Tahta,Saraain Et Tahta,33.8804732,36.0837359
7714992659,village,خربة داوود بعلبك,خربة داوود بعلبك,Khirbet Daoud Baalbek,Khirbet Daoud Baalbek,34.2121951,36.5468359
7714994526,village,مقل البوادتي,مقل البوادتي,Maql El Bwadte,Maql El Bwadte,34.0941538,36.0521221
7714994908,village,مروانية,مروانية,Marwanieh,Marwanieh,33.4462852,35.3855877
7717898936,village,برغلية,برغلية,Bourghliye,Bourghliye,33.3120665,35.2406673
7717903053,village,كفرفالوس,كفرفالوس,Kfar Falous,Kfar Falous,33.5420423,35.4784689
7724649338,village,تمنين الفوقا,تمنين الفوقا,Temnin el-Foka,Tamnine Al Faouka,33.9037523,35.9797633
7725536746,village,رويسات صوفر,رويسات صوفر,Rwaisat Sawfar,Rouissat Sofar,33.7982508,35.678133
7725538734,village,سيناي,سيناي,Senay,Senay,33.3821173,35.3675446
7725540919,village,وادي الجاموس,وادي الجاموس,Wadi Al Jamous,Wadi Al Jamous,34.5000538,36.0130395
7725545683,village,مشاقتي,مشاقتي,Meshakhti,Mechakhti,33.7595871,35.7048102
7725567435,village,معصريتي,معصريتي,Maasriti,Maasriti,33.7473603,35.6349587
7725569289,village,زريبة الصبحا,زريبة الصبحا,Zribet Es Sabha,Zribet Es Sabha,34.0395115,36.0162035
7729227049,village,زغرين التحتى,زغرين التحتى,Zighrine Et Tahta,Zighrine Et Tahta,34.4263376,36.3611281
7729254918,village,مشحلان,مشحلان,Mechhellene,Mechhellene,34.1430621,35.6839304
7738251644,village,الدورة الهرمل,الدورة الهرمل,Ed Daoura El Hermel,Ed Daoura El Hermel,34.4028835,36.3895597
7747622646,village,ناصرية رزق,ناصرية رزق,Nasriyet Rizq,Nasriyet Rizq,33.8630948,36.0594492
7747676092,village,حوش الحريمة,حوش الحريمة,Haoush El Harimeh,Haouch El Harîmé,33.7189809,35.853385
7747690219,village,عبدين,عبدين,Aabdine,Aabdine,34.2744752,35.88889
7747716212,village,برحليون,برحليون,Barhalioun,Barhalioun,34.2589348,35.8761941
7747729657,village,مزرعة بني صعب,مزرعة بني صعب,Mazraat Bani Saab,Mazraat Bani Saab,34.2475076,35.8838569
7759144158,village,صفد البطيخ,صفد البطيخ,Safad El Battikh,Safad El Battikh,33.1990722,35.431557
7759205831,village,قعقعية الجسر,قعقعية الجسر,Qaaqaait El Jisr,Qaaqaait El Jisr,33.3300758,35.4244862
7759215254,village,دير الزهراني,دير الزهراني,Deir El Zahrani,Deir El Zahrani,33.4318864,35.4591236
7762894955,village,مزرعة جنيد,مزرعة جنيد,Mazraat Jnaid,Mazraat Jnaid,34.3741884,35.9010184
7762905895,village,بيت بركات,بيت بركات,Beit Barakat,Beit Barakat,34.4316304,35.9097101
7774021812,village,الحمرا,الحمرا,El Hamra,El Hamra,33.3243607,35.4937577
7776562977,village,بنواتي,بنواتي,Benwati,Benwati,33.5762787,35.5759583
7779312933,village,رأس مسقا,رأس مسقا,Ras Masqa,Ras Masqa,34.4022005,35.8305069
7779385282,village,كفر حلدا,كفر حلدا,Kfar Hilda,Kfar Helda,34.2272363,35.8393702
7779398897,village,بقرقاش,بقرقاش,Bqerqacha,Bqerqacha,34.2390366,35.9971223
7779421762,village,بعزقون,بعزقون,Baazqoun,Baazqoun,34.3801352,35.9457273
7779440899,village,مغراق,مغراق,Meghrak,Meghrak,34.1771341,35.8769382
7779457713,village,كفر حبو,كفر حبو,Kfar Habou,Kfar Habou,34.4151995,35.9625969
7779459530,village,عزقي,عزقي,Azqey,Azqey,34.4350604,35.9903102
7782249566,village,بشتايل,بشتايل,Bechtayel,Bechtayel,34.4058103,35.9945672
7782256398,village,بيت الفقس,بيت الفقس,Beit El Faqs,Beit El Faqs,34.3925638,36.0526849
7782289744,village,بيت كناتي,بيت كناتي,Beit Knaty,Beit Knaty,34.4212851,35.9414404
7792315676,village,منصورية بحمدون,منصورية بحمدون,Mansouriet Bhamdoun,Mansouriet Bhamdoun,33.7788281,35.6265429
7792331649,village,جورة البلوط,جورة البلوط,Jouret Ballout,Jouret Ballout,33.8928475,35.6316236
7792364035,village,جوار,جوار,Jouar,Jouar,33.928387,35.7293153
7799441157,neighbourhood,تل الزعتر,تل الزعتر,Tall Al Zaatar,Tall Al Zaatar,33.8687562,35.5491567
7799449789,village,محمرش,محمرش,Mehmarch,Mehmarch,34.1987674,35.7688341
7804690976,village,بيت شلالا,بيت شلالا,Beit Chlala,Beit Chlala,34.2209392,35.8374923
7804702861,village,قنيعور,قنيعور,Qnaiwer,Qnaiouer,34.2621035,35.9268103
7804703706,village,مغر الأحول,مغر الأحول,Moghr El Ahwal,Moghr El Ahoual,34.2873288,35.8738031
7804727071,village,وطى حوب,وطى حوب,Wata Haub,Ouata Haub,34.190868,35.8976534
7804743856,village,بحبوش,بحبوش,Bahbouch,Bahbouch,34.2776903,35.8286743
7804765503,village,تلة زغرتا,تلة زغرتا,Tallet Zgharta,Et Talle,34.3918234,35.8794146
7817981214,village,أفقا,أفقا,Afqa,Afqa,34.3217686,35.9908123
7817989035,village,حقل العزيمة,حقل العزيمة,Haql El Aazime,Haql El Aazime,34.399349,36.0176969
7817990147,village,عردات,عردات,Aardat,Aardat,34.4067248,35.8836937
7817993287,village,جديدة,جديدة,Jdeide,Jdeide,34.2479074,36.3858969
7818015226,village,مراح الزيات,مراح الزيات,Mrah Ez Zaiat,Mrah Ez Zaiat,34.2171107,35.7022126
7818016288,village,حرف السياد,حرف السياد,Harf Es Siyad,Harf Es Siyad,34.4211965,36.019907
7818038562,village,كربريبة,كربريبة,Karbribe,Karbribe,34.2967079,35.8804274
7818039498,village,مزرعة عرطوسي,مزرعة عرطوسي,Mazraat Aartoussi,Mazraat Aartoussi,34.5035426,35.9507351
7821251921,village,حصرون الجديدة,حصرون الجديدة,Harsoun Ej Jdide,Harsoun Ej Jdide,34.3914054,35.8733382
7821253416,village,دار شمزين,دار شمزين,Dar Chmizzine,Dar Chmizzine,34.2852176,35.7843263
7824339132,village,اجدعبرين,اجدعبرين,Ijdabrine,Ijdabrine,34.2712539,35.7438583
7824357594,village,اجدبرا,اجدبرا,Ijdabra,Ijdabra,34.2450374,35.6920929
7824373211,village,خالدية,خالدية,Khaldiye,Khaldiye,34.3712752,35.909186
7824397704,village,كرم المهر,كرم المهر,Karm El Mohr,Karm El Mohr,34.3620495,35.9869194
7824435718,village,الرميلة,الرميلة,Rmaile,Rmaile,34.4120639,35.9134247
7827804389,village,مزرعة بيت الغصين,مزرعة بيت الغصين,Mazraat Beit El Ghoussain,Mazraat Beit el Ghoussain,34.1145333,36.0836916
7866432864,village,دكوة,دكوة,Dakoue,Dakoue,33.691381,35.8744351
7866498618,village,شبرقية عميق,شبرقية عميق,Chebreqiyet Aammiq,Chebreqiyet Aammiq,33.7039478,35.821659
7866515549,village,عين وزين,عين وزين,Ain Ouzain,Ain Ouzain,33.678879,35.6257765
7866519905,village,حوش بيت اسماعيل,,Hawch Beit Ismail,Haouch Beit Ismail,34.4548029,36.4826544
7869869027,village,بركة حجولا,بركة حجولا,Berket Hejoula,Berket Hejoula,34.1401685,35.7305463
7869913746,village,عيون السيمان,عيون السيمان,Aayoun El Siman,Aayoun El Siman,33.9925185,35.8392177
7873886838,village,مزرعة الجميل,مزرعة الجميل,Mazraat Ej Jmaiyel,Mazraat Ej Jmaiyel,34.140045,35.6847668
7876586659,village,حوكة النهر,حوكة النهر,Haouket El Naher,Haouket El Naher,34.2674867,35.9475339
7876626758,village,وطية,وطية,Watiye,Ouatiye,34.4333665,36.0055475
7885243012,village,بقعتوتا,بقعتوتا,Bqaatouta,Bqaatouta,33.9751071,35.7775114
7888207042,village,حاصبيا المتن,حاصبيا المتن,Hasbaya El Metn,Hasbaya El Metn,33.8740693,35.7242311
7906545772,village,وادي شحرور,وادي شحرور,Wadi Chahrour,Wadi Chahrour,33.818413,35.5567123
7906553991,village,رويسة البلوط,رويسة البلوط,Rouaiset El Ballout,Rouaiset El Ballout,33.826733,35.647256
7906631432,village,وادي الست,وادي الست,Wadi El Sitt,Wadi El Sitt,33.7148014,35.6283774
7918274169,suburb,بربارة,بربارة,Berbara,Berbara,33.8566335,35.8992452
7918286186,village,ضهور العبادية,ضهور العبادية,Dhour Al Aabaydiyeh,Dhour Al Aabaydiyeh,33.8152813,35.6244664
7926393563,village,علي النهري,علي النهري,Aali En Nahri,Aali En Nahri,33.8572753,36.0264396
7935753665,village,حارة الخسة,حارة الخسة,Haret El Khasseh,Haret El Khasseh,34.3801239,35.8373737
7949013255,neighbourhood,البداوي,البداوي,El Beddaoui,El Beddaoui,34.4510951,35.8652649
7949057226,village,مونتيفردي,مونتيفردي,Montiverdi,Montiverdi,33.8485868,35.5884436
7970560468,neighbourhood,Saydet En Najat,,Saydet En Najat,Saydet En Najat,33.8455865,35.894046
8001186083,village,حبوب,حبوب,Hboub,Haboub,34.1305287,35.6727016
8121397339,town,ضهور الشوير,ضهور الشوير,Dhour El Choueir,Dhour El Choueir,33.9104884,35.7119179
8243320860,village,نبي ايلا,نبي ايلا,Nabi Aila,Nabi Aila,33.8808772,35.9552269
8244688400,village,حوقا,حوقا,Haouqa,Haouqa,34.2726457,35.9421376
8312195212,village,بسبينا,بسبينا,Basbina,Basbina,34.2361444,35.7074654
8402359501,village,Kfarchille,,Kfarchille,Kfarchille,34.1781514,35.7789731
8900961370,suburb,المصيطبة,المصيطبة,Moussaitbeh,Moussaitbeh,33.8843064,35.4891077
8900961371,suburb,رأس بيروت,رأس بيروت,Ras Beirut,Ras Beyrouth,33.8935736,35.4751968
8900961372,suburb,المدور,المدور,Medawar,Medawar,33.9009829,35.5311155
8900961373,suburb,الرميل,الرميل,Rmeil,Rmeil,33.8935736,35.5230474
8900961374,neighbourhood,السراي,السراي,Serail,Serail,33.8945889,35.4992294
8900961375,suburb,المزرعة,المزرعة,Mazraa,Mazraa,33.8740144,35.5051088
8913085270,town,الحوش,الحوش,Hosh,El Haouch,33.2434255,35.2384758
8932912471,neighbourhood,جبل محسن,جبل محسن,Jabal Muhsin,Jabal Mohsen,34.443141,35.8570039
8932912475,neighbourhood,باب التبانة,باب التبانة,Bab Al Tabbaneh,Bab Al Tabbaneh,34.4441718,35.8508348
8985698508,village,العرقوب,العرقوب,Arqoub,Arqoub,33.4006217,35.534656
8985725772,village,محمودية,محمودية,Mahmoudiya,Mahmoudiya,33.3868449,35.552364
9137610208,town,بحمدون المحطة,بحمدون المحطة,Bhamdoun Al Mahatta,Bhamdoûn al Mahatta,33.8093551,35.6566429
9140867796,neighbourhood,مجمع الأمل,,,,33.4370287,35.309805
9172009577,neighbourhood,الطيونة,الطيونة,Tayouneh,,33.8698599,35.5135142
9176962302,village,Cheikhnaya,,Cheikhnaya,Cheikhnaya,34.1142395,35.7672168
9198110481,village,مصنع الضهر,مصنع الضهر,Masnaa El Dahr,Masnaa El Dahr,34.0093636,36.0037825
9294339789,neighbourhood,مقبرة الصرفند الجديدة,مقبرة الصرفند الجديدة,,Nouveau cimetière de Sarafand,33.4521304,35.2979253
9294354431,neighbourhood,بحر الشق 2,بحر الشق 2,,,33.4643963,35.2962433
9393005674,neighbourhood,Abou Samra,,Abou Samra,,34.4227597,35.8436619
9675804332,village,زوطر الشرقية,زوطر الشرقية,Zawtar El Sharqiyeh,Zaoutar Ech Charqiyeh,33.3237019,35.4730994
9675813070,village,زوطر الغربية,زوطر الغربية,Zawtar El Gharbiyeh,Zaoutar El Gharbiyeh,33.3225991,35.4596775
9800354324,neighbourhood,El Sharawneh,,El Sharawneh,Chrawne,34.0145611,36.2042588
9817705619,village,بكاسين,بكاسين,Bkassine,Bkassine,33.5679941,35.5771208
9820293708,village,Kfar Saroun,,Kfar Saroun,Kfar Saroun,34.2429916,35.9630799
9820341628,village,ضهور الحواء,ضهور الحواء,Dhour El Hawa,Dhour El Hawa,34.3296246,35.826416
9876393249,village,حومين الفوقا,حومين الفوقا,Houmine El Faouqa,Houmine El Faouqa,33.4453543,35.4873579
9950211036,village,عيون الغزلان,عيون الغزلان,Aayoun El Ghizlane,Aayoun El Ghizlane,34.4730682,36.0183442
9950217012,village,قلود الباقية,قلود الباقية,Qloud El Baqieh,Qloud El Baqieh,34.4964726,36.0596716
9951476664,village,دير جنين,دير جنين,Deir Jannine,Deir Jannine,34.5657982,36.1760688
9999461695,neighbourhood,الأوزاعي,الأوزاعي,Ouzai,Ouzai,33.84949,35.4835801
10148442484,village,عطشانة,عطشانة,Aatchaneh,Aatchaneh,33.91275,35.6492668
10200018765,village,ضهر العين,ضهر العين,Dahr Al Ain,Dahr Al Ain,34.3852162,35.8463474
10249801488,neighbourhood,باب الرمل,باب الرمل,Bab Al Ramel,Bab Al Ramel,34.4267419,35.8353581
10568709846,locality,قصقص,قصقص,Qasqas,Qasqas,33.8759997,35.5089258
10584826637,neighbourhood,المشرفية‎,المشرفية‎,Musharafieh,Mucharafieh,33.8614234,35.507387
10739402924,village,كفر زبد,كفر زبد,Kfar Zabad,Kfar Zabad,33.7849347,35.9939575
10759218555,village,مياسة,مياسة,Mayasseh,Mayasseh,33.9393813,35.6940865
10759227381,village,عدشيت الشقيف,عدشيت الشقيف,Aadchit El Chqif,Aadchit El Chqif,33.345497,35.4134846
10896827275,village,عفصديق,عفصديق,Aafsdiq,Aafsdiq,34.3308915,35.7849383
10899995672,village,بدبهون,بدبهون,Badbhoun,Badbhoun,34.3369071,35.7576871
10961831727,village,سلفايا,سلفايا,Selfaya,Selfaya,33.7289975,35.5690151
11030251920,neighbourhood,Halta Et Tahta,,Halta El Tahta,Halta El Faouqa,33.3173904,35.6620824
11034129126,neighbourhood,المنكوبين,المنكوبين,Al Mankoubin,Al Mankoubin,34.4486619,35.8638436
11163569689,neighbourhood,بستان القدس,بستان القدس,Bustan Al Quds,Bustan Al Quds,33.5442383,35.3786695
11163606412,neighbourhood,Taamir,,Taamir,Taamir,33.5483761,35.3809762
11163628605,neighbourhood,Baraksat,,Baraksat,Baraksat,33.5447525,35.3821108
11179541854,neighbourhood,Tawari,,Tawari,Tawari,33.5462815,35.3797585
11195780909,village,وادي بعنقودين,وادي بعنقودين,Wadi Baanqoudaine,Ouadi Baanqoudaine,33.5462592,35.4385471
11197652065,village,حسانية,حسانية,Hassaniyeh,Hassaniyeh,33.5201808,35.4534173
11197685517,village,مزرعة كوثرية الرز,مزرعة كوثرية الرز,Mazraat Kaoutariyet Er Riz,Mazraat Kaoutariyet Er Riz,33.3712695,35.3000593
11229849592,hamlet,كفر بدَه,كفر بدَه,Kfar Beda,Kfar Beda,33.3613638,35.2658075
11231220388,village,الداودية,الداودية,Daoudiyeh,Daoudiyeh,33.4297401,35.2987933
11357864526,village,فدعوس,فدعوس,Fadous,Fadous,34.2283941,35.6563073
11492643226,neighbourhood,الزهرية,الزهرية,Zahrieh,,34.4389817,35.8438856
11580680704,neighbourhood,الفتيحات,,,,33.6573688,35.4363768
11754021739,village,جنسنايا,جنسنايا,Jensnaya,Jensnaya,33.53526,35.4326785
11764858822,village,عدّوس,عدّوس,Adous,Adous,34.0185273,36.1500513
11770220263,village,مطيرية,مطيرية,Mtayriyeh,Mtayriyeh,33.5120767,35.4037642
11775825980,village,شواليق,شواليق,Choualiq,Choualiq,33.5542439,35.4411113
12003465362,locality,Wadi Al Asafir,,Wadi Al Asafir,,33.3103388,35.6053913
12021208726,village,نيحا صور,نيحا صور,Niha Sour,Niha Sour,33.2733724,35.4019725
12022913431,village,المروج,المروج,Mrouj,Mrouj,33.9097271,35.7509601
12022927089,village,مشرح,مشرح,Machraa,Machraa,33.9449353,35.7538569
12025576642,hamlet,Bayada,,Bayada,Bayada,33.5242192,35.5656758
12025637376,village,وادي الكرم,وادي الكرم,Wadi El Karm,Ouadi El Karm,33.9503555,35.7508743
12053056356,village,بستيات,بستيات,Bestiyat,Bestiyat,33.2889281,35.358108
12173760765,village,كفر جوز,كفر جوز,Kfarjaouz,Kfarjaouz,33.3949787,35.4756045
12173762575,village,بفروة,بفروة,Bfaroueh,Bfaroueh,33.4322203,35.4218531
12173791176,hamlet,مزرعة الخريبة,مزرعة الخريبة,Mzaraat El Khreibeh,Mzaraat El Khreibeh,33.4724486,35.4581058
12246902593,village,كوثرية السياد,كوثرية السياد,Kaoutariyet Es Siyad,Kaoutariyet Es-Siyad,33.4099319,35.3879499
12292316601,village,حوش سنيد,حوش سنيد,Haouch Snaid,Haouch Snaid,33.9266787,36.0670423
12294935137,village,المغاير,المغاير,Mghayer,Mghayer,34.0360681,35.7684629
12297055894,village,عين الغويبة,عين الغويبة,Aain El Ghouaybeh,Aain El Ghouaybeh,34.0808065,35.8605659
12297099335,village,مراح الحاج,مراح الحاج,Mrah El Hajj,Mrah El Hajj,34.2100632,35.7788229
12297139239,village,بشلّلي,بشلّلي,Bshille,Bchille,34.1037119,35.7165956
12300446921,village,ضهر الوحش,ضهر الوحش,Dahr El Wahech,Dahr El Wahech,33.8223551,35.5987079
12303064452,village,مزرعة البياض,مزرعة البياض,Mazraat El Bayad,Mazraat El Bayad,33.4208037,35.4840481
12303120280,village,وادي الليمون,وادي الليمون,Wadi El Laymoun,Quadi El Laymoun,33.5246262,35.4672038
12307766433,village,مزرعة عرب سكر,مزرعة عرب سكر,Mazraat Aarab Soukkar,Mazraat Aarab Soukkar,33.4814423,35.4449415
12380534588,village,لوسيا,لوسيا,Loussia,Loussia,33.4420777,35.6505865
12388774617,village,بردي,بردي,Bardeh,Bardeh,34.5955225,36.2535953
12426508396,village,علي الطاهر,علي الطاهر,Aali Et Taher,Aali Et Taher,33.3658307,35.5123722
12431798434,village,نهر الدهب,نهر الدهب,Nahr El Dahab,Nahr El Dahab,34.046908,35.7428276
12439602116,village,حشمش,حشمش,Hoshmosh,Hechmech,33.8287999,36.0231239
12604338385,village,جديدة غزير,جديدة غزير,Jdaidet Ghazir,Jdaidet Ghazir,34.0224311,35.6921339
12639395128,village,بحنين,بحنين,Bhannine,Bhannine,33.583056,35.5975699
12657279859,village,وادي شاهين,وادي شاهين,Wadi Shahine,Ouadi Chahine,33.9316461,35.6924772
12657360252,village,عميق الشوف,عميق الشوف,Aammiq El Chouf,Aamiq El Chouf,33.718334,35.5830431
12681722280,hamlet,مزيرعة بعبدا,مزيرعة بعبدا,Mzairaa Baabda,Mzairaa Baabda,33.829856,35.6524372
12739547720,hamlet,حارة حمزة,حارة حمزة,Haret Hamzeh,Haret Hamzeh,33.8208852,35.6652152
12961992474,hamlet,كفر قواص,كفر قواص,Kfar Qouas,Kfar Qouas,34.1241242,35.6972408
13027351058,village,دوير الرمان,دوير الرمان,Douair El Remmaneh,Douair El Remmaneh,33.7548165,35.5823457
13046271536,village,دير دوريت,دير دوريت,Deir Dourit,Deir Dourit,33.6857642,35.5407929
13158648782,suburb,بشامون المدارس,,,,33.7785752,35.5070268
13194313177,village,حاكور,حاكور,Hakour,Hakour,34.5257399,36.055761
13267638321,village,تاشع,تاشع,Tachaa,Tachaa,34.4978918,36.1869907
13283951887,village,Tannourine El Tahta,,Tannourine El Tahta,Tannourine El Tahta,34.2109742,35.8750186
13288896667,neighbourhood,Taamir Al Hara,,Taamir Al Hara,,33.5539948,35.3984244
13291526402,village,قاسمية,قاسمية,Qasmiye,Qasmiye,33.3278756,35.2522617
13321742669,suburb,الضاحية الجنوبية,الضاحية الجنوبية,Dahieh,Banlieue sud de Beyrouth,33.8452574,35.5070506
13364185541,village,اللويزة,اللويزة,Lwaiza,Lwaiza,33.4612711,35.5360923
13372109764,village,عبرا الضيعة,,,,33.566323,35.4063115
13423750112,village,بيت صليبي,بيت صليبي,Beit Slaybi,,33.9720481,35.9853709
13482841217,locality,تلة مار جريوس,تلة مار جريوس,,,34.3034862,35.8715686
13484108605,neighbourhood,تل البيضاء,تل البيضاء,Tal Al Bayda,,33.5680995,35.3959777
13525288070,hamlet,البغلة,البغلة,,,34.0053381,36.0176737
13527060448,village,حكر إطي,حكر إطي,Hokr Etti,Hokr Etti,34.5758253,36.1041105
13532804083,village,سعدنايا,سعدنايا,Saidnaya,Saidnaya,34.5908062,36.1221242
13606660873,neighbourhood,حي البراد,حي البراد,Hay El Barad,,33.5671852,35.3789879
13606660874,neighbourhood,البستان الكبير,البستان الكبير,Bestein El Kbir,,33.5732953,35.3824904
13646048645,neighbourhood,ست نفيسة,,,,33.5597258,35.3775467
13646048646,neighbourhood,دلاعة,,,,33.5578211,35.3776401
13788942703,village,مطرية الشومر,مطرية الشومر,Matariyet el Choumar,,33.3387884,35.2822064
13878422701,hamlet,Mazraat Ed Douair,,Mazraat Ed Douair,Mazraat Ed Douair,33.7084903,35.6054556
13897443487,village,Houra,,Houra,Houra,33.2941533,35.5638492
13919533613,village,Aartez,,,,34.2334799,35.7536093
34312765,neighbourhood,رملة البيضاء,رملة البيضاء,Ramlet El-Baydaa,Ramlet El-Baydaa,33.8789061,35.4821474
94157391,locality,حرش تابت,حرش تابت,Harsh Tabet,Harch Tabet,33.8861993,35.5756171
94819086,locality,حرش الرويس,حرش الرويس,Horch er Rouaiss,Horch er Rouaiss,33.4533672,35.45463
303756766,neighbourhood,مرتفعات كورى,مرتفعات كورى,Koura Hills,,34.3268483,35.7895682
307467822,locality,النافعة,النافعة,Nafaa,Nafaa,33.8792446,35.546339
612197895,village,عنَايا,عنَايا,Aannaya,Aannaya,34.1164679,35.7536209
997991281,neighbourhood,موقف,موقف,,,33.4532959,35.2846381
1007449594,neighbourhood,حديقة,حديقة,,Jardin,33.4493467,35.3028353
1007449595,neighbourhood,دغيلي,,,,33.4491628,35.3033352
1007449598,neighbourhood,الخاج,,,,33.4499544,35.3034789
1007449599,neighbourhood,خليفة,,,,33.4501885,35.3035388
1007449605,neighbourhood,منانا,منانا,,,33.4639491,35.296615
1358373251,hamlet,حي الراهبات,حي الراهبات,Al Rahibbat,,33.3829211,35.4860733
1360611210,hamlet,حي المسلخ,حي المسلخ,Maslakh,Maslakh,33.3760165,35.4915024
316552,governorate,محافظة بيروت,محافظة بيروت,Beirut Governorate,Gouvernorat de Beyrouth,33.8892218,35.504694
318161,governorate,محافظة الشمال,محافظة الشمال,North Governorate,Gouvernorat du Liban Nord,34.3318174,35.9189789
318174,governorate,محافظة البقاع,محافظة البقاع,Beqaa Governorate,Gouvernorat de la Beqaa,33.6739,35.8562699
318194,governorate,محافظة جبل لبنان,محافظة جبل لبنان,Mount Lebanon Governorate,Gouvernorat du Mont Liban,33.7370087,35.6428706
318236,governorate,محافظة الجنوب,محافظة الجنوب,South Governorate,Gouvernorat du Liban Sud,33.338723,35.3708915
318309,governorate,محافظة النبطية,محافظة النبطية,Nabatieh Governorate,Gouvernorat de Nabatieh,33.2835993,35.5663165
7231014,governorate,محافظة عكار,محافظة عكار,Akkar Governorate,Gouvernorat de l'Akkar,34.5556015,36.209718
7231015,governorate,محافظة بعلبك الهرمل,محافظة بعلبك الهرمل,Baalbek-Hermel Governorate,Gouvernorat de Baalbek-Hermel,34.1709555,36.2532923
12903506,governorate,محافظة كسروان جبيل,محافظة كسروان جبيل,Keserwan-Jbeil Governorate,Gouvernorat de Kesrouan-Jbeil,34.0769589,35.8038379
